Date,MMM,ABT,ABBV,ACN,ATVI,AYI,ADBE,AAP,AES,AET,AMG,AFL,A,APD,AKAM,ALK,ALB,ALXN,ALLE,AGN,ADS,LNT,ALL,GOOGL,GOOG,MO,AMZN,AEE,AAL,AEP,AXP,AIG,AMT,AWK,AMP,ABC,AME,AMGN,APH,APC,ADI,ANTM,AON,APA,AIV,AAPL,AMAT,ADM,ARNC,AJG,AIZ,T,ADSK,ADP,AN,AZO,AVB,AVY,BHI,BLL,BAC,BCR,BAX,BBT,BDX,BBBY,BRK_B,BBY,BIIB,BLK,HRB,BA,BWA,BXP,BSX,BMY,AVGO,BF_B,CHRW,CA,COG,CPB,COF,CAH,KMX,CCL,CAT,CBOE,CBG,CBS,CELG,CNC,CNP,CTL,CERN,CF,SCHW,CHTR,CHK,CVX,CMG,CB,CHD,CI,XEC,CINF,CTAS,CSCO,C,CFG,CTXS,CME,CMS,COH,KO,CTSH,CL,CMCSA,CMA,CAG,CXO,COP,ED,STZ,GLW,COST,COTY,CCI,CSRA,CSX,CMI,CVS,DHI,DHR,DRI,DVA,DE,DLPH,DAL,XRAY,DVN,DLR,DFS,DISCA,DISCK,DG,DLTR,D,DOV,DOW,DPS,DTE,DD,DUK,DNB,ETFC,EMN,ETN,EBAY,ECL,EIX,EW,EA,EMR,ETR,EVHC,EOG,EQT,EFX,EQIX,EQR,ESS,EL,ES,EXC,EXPE,EXPD,ESRX,EXR,XOM,FFIV,FB,FAST,FRT,FDX,FIS,FITB,FSLR,FE,FISV,FLIR,FLS,FLR,FMC,FTI,FL,F,FTV,FBHS,BEN,FCX,FTR,GPS,GRMN,GD,GE,GGP,GIS,GM,GPC,GILD,GPN,GS,GT,GWW,HAL,HBI,HOG,HAR,HRS,HIG,HAS,HCA,HCP,HP,HSIC,HES,HPE,HOLX,HD,HON,HRL,HST,HPQ,HUM,HBAN,IDXX,ITW,ILMN,INCY,IR,INTC,ICE,IBM,IP,IPG,IFF,INTU,ISRG,IVZ,IRM,JBHT,JEC,SJM,JNJ,JCI,JPM,JNPR,KSU,K,KEY,KMB,KIM,KMI,KLAC,KSS,KHC,KR,LB,LLL,LH,LRCX,LEG,LEN,LUK,LVLT,LLY,LNC,LLTC,LKQ,LMT,L,LOW,LYB,MTB,MAC,M,MNK,MRO,MPC,MAR,MMC,MLM,MAS,MA,MAT,MKC,MCD,MCK,MJN,MDT,MRK,MET,MTD,KORS,MCHP,MU,MSFT,MAA,MHK,TAP,MDLZ,MON,MNST,MCO,MS,MSI,MUR,MYL,NDAQ,NOV,NAVI,NTAP,NFLX,NWL,NFX,NEM,NWSA,NWS,NEE,NLSN,NKE,NI,NBL,JWN,NSC,NTRS,NOC,NRG,NUE,NVDA,ORLY,OXY,OMC,OKE,ORCL,PCAR,PH,PDCO,PAYX,PYPL,PNR,PBCT,PEP,PKI,PRGO,PFE,PCG,PM,PSX,PNW,PXD,PNC,RL,PPG,PPL,PX,PCLN,PFG,PG,PGR,PLD,PRU,PEG,PSA,PHM,PVH,QRVO,QCOM,PWR,DGX,RRC,RTN,O,RHT,REG,REGN,RF,RSG,RAI,RHI,ROK,COL,ROP,ROST,RCL,R,SPGI,CRM,SCG,SLB,SNI,STX,SEE,SRE,SHW,SIG,SPG,SWKS,SLG,SNA,SO,LUV,SWN,SWK,SPLS,SBUX,STT,SRCL,SYK,STI,SYMC,SYF,SYY,TROW,TGT,TEL,TGNA,TDC,TSO,TXN,TXT,BK,CLX,COO,HSY,MOS,TRV,DIS,TMO,TIF,TWX,TJX,TMK,TSS,TSCO,TDG,RIG,TRIP,FOXA,FOX,TSN,USB,UDR,ULTA,UA,UAA,UNP,UAL,UNH,UPS,URI,UTX,UHS,UNM,URBN,VFC,VLO,VAR,VTR,VRSN,VRSK,VZ,VRTX,VIAB,V,VNO,VMC,WMT,WBA,WM,WAT,WEC,WFC,HCN,WDC,WU,WRK,WY,WHR,WFM,WMB,WLTW,WYN,WYNN,XEL,XRX,XLNX,XL
2018-02-23,,59.71,118.75,162.95,72.07,146.56,209.74,116.32,10.49,175.55,190.01,89.57,70.7,164.27,67.36,64.98,118.75,118.93,86.17,162.09,242.09,39.42,94.37,1128.09,1126.79,64.59,1500.0,56.35,53.39,67.37,98.8,60.07,141.87,80.63,160.28,98.42,76.76,186.67,90.83,60.82,90.37,235.24,141.91,36.13,38.88,175.555,57.01,42.57,25.13,68.99,88.56,36.72,115.03,117.65,,725.0,160.01,119.13,,39.73,32.03,,68.36,55.36,220.34,,202.76,73.17,292.78,549.75,26.82,356.66,52.32,120.97,27.2,67.95,253.71,69.55,92.63,35.43,24.46,44.12,99.04,69.31,62.76,68.76,162.41,108.75,45.95,55.12,95.61,100.45,27.73,18.21,64.53,44.12,52.74,365.06,3.2,112.59,315.82,144.01,49.12,194.79,98.7,75.8,169.99,44.0,77.08,46.43,92.81,164.02,43.86,,44.04,82.53,70.3,39.5,98.68,36.28,152.81,57.05,77.63,217.46,29.3,189.81,20.76,110.44,40.54,55.84,169.53,68.16,44.47,99.33,95.35,73.18,166.24,,53.46,57.67,31.43,102.2,79.42,24.01,22.74,97.2,106.61,75.52,102.73,,115.37,104.7,,77.22,,51.38,103.44,82.22,43.68,130.84,62.17,135.64,127.1,72.19,77.74,37.19,108.83,52.08,115.4,394.84,56.99,227.27,142.39,59.47,38.24,106.38,65.52,77.0,86.6,77.53,147.33,183.29,55.2,115.93,252.22,99.82,33.45,,33.8,146.19,48.49,44.26,58.15,85.72,30.7,48.25,10.7,77.14,63.52,39.31,19.55,,32.69,60.35,221.0,14.49,21.52,52.98,40.91,94.53,80.91,114.46,266.77,29.52,266.19,48.45,19.94,46.61,,158.8,54.04,97.47,100.84,22.36,66.86,68.05,47.87,18.14,39.21,188.35,155.12,32.64,19.21,22.13,271.19,15.99,187.61,163.96,233.84,87.8,90.15,47.73,72.48,155.52,59.5,24.24,145.82,171.78,427.51,33.19,31.96,121.11,62.35,124.55,132.02,38.82,117.31,26.12,108.82,68.54,20.97,113.65,15.26,17.01,110.47,66.47,69.02,27.42,48.71,213.41,172.37,193.1,44.77,59.04,24.97,,78.75,78.02,,40.1,358.69,50.34,97.49,111.6,193.51,59.36,26.74,16.16,15.54,66.81,142.17,83.57,211.58,43.02,175.76,16.64,106.22,163.06,152.65,,80.39,54.87,47.47,636.1,64.72,85.16,46.53,94.06,88.05,251.39,78.66,43.75,121.74,65.88,169.3,56.07,106.73,,41.45,80.48,36.07,13.23,59.62,285.93,26.8,24.66,38.69,16.5,16.75,156.26,33.26,68.16,23.6,30.66,53.56,142.62,106.56,351.51,26.42,66.94,245.93,254.13,68.32,77.31,58.02,50.5,71.32,183.57,32.26,66.47,79.69,71.39,19.69,109.68,77.02,88.25,36.26,41.14,106.11,91.83,80.15,180.0,160.09,108.53,117.46,30.34,155.62,1907.02,63.15,81.05,57.71,61.26,108.98,50.53,195.68,29.27,148.86,80.13,63.32,35.67,102.6,13.45,218.24,50.2,146.62,59.01,323.86,19.65,66.4,,57.85,185.47,137.13,281.14,78.87,130.2,,191.67,114.96,39.29,66.5,87.75,53.29,42.66,109.57,398.2,52.25,156.66,108.23,97.62,160.22,44.07,57.99,,160.94,,56.14,104.5,60.05,161.7,71.29,27.43,37.15,59.68,112.3,75.41,102.27,,,,107.04,59.28,56.9,129.43,230.54,96.95,28.74,139.74,107.25,211.71,104.17,94.7,77.96,86.51,88.82,65.86,297.78,,42.3,38.01,37.62,75.08,55.49,34.14,207.11,15.3,17.02,134.97,67.57,230.16,105.61,179.09,133.15,116.41,51.73,,75.75,92.46,121.17,50.51,117.64,101.54,48.29,165.9,33.74,122.93,67.67,121.69,92.89,70.36,85.49,208.47,61.85,59.17,54.41,89.14,20.24,66.11,35.4,171.44,,28.74,159.96,119.59,167.13,44.77,30.87,70.035,43.45
2018-02-26,,60.53,121.54,164.74,73.16,148.49,212.15,114.85,10.45,175.75,194.86,90.76,70.58,165.44,68.6,66.15,110.1,121.33,87.85,165.76,245.66,39.53,95.75,1143.7,1143.75,65.43,1521.95,55.75,55.0,66.97,101.64,59.01,142.74,80.8,162.32,100.58,78.4,188.5,92.41,60.4,92.36,238.22,143.3,35.98,39.01,178.97,58.81,42.17,25.13,69.76,88.44,37.46,116.92,117.9,,735.9,160.15,120.11,,40.08,32.42,,69.14,55.79,225.03,,210.62,72.57,290.01,563.97,26.87,363.48,51.91,121.43,27.62,68.63,252.95,69.06,94.63,35.36,24.94,44.37,100.75,70.57,62.89,68.64,163.69,111.33,46.64,55.68,96.49,102.68,27.79,18.41,64.25,42.67,53.73,358.02,3.21,114.6,311.89,146.14,49.99,195.88,98.34,77.26,170.79,45.36,77.65,44.54,92.95,166.9,43.77,,44.03,82.97,71.07,39.58,99.67,36.53,154.95,56.59,76.96,218.04,29.83,192.81,20.64,111.54,40.58,56.21,171.64,68.23,44.3,100.83,96.32,73.5,167.46,,54.69,57.05,31.61,101.58,80.43,25.17,23.83,97.55,106.22,75.99,104.39,,115.96,103.76,,77.92,,51.96,104.21,82.28,43.83,131.99,61.62,136.72,128.57,73.53,76.95,36.67,109.49,52.5,115.04,394.18,57.13,227.11,143.29,58.82,38.03,106.62,66.73,77.64,86.66,78.84,151.03,184.93,56.06,116.96,254.51,99.92,33.76,,33.67,145.36,49.64,44.92,58.58,83.65,30.3,49.32,10.89,77.96,63.51,39.84,19.53,,32.13,60.65,226.78,14.65,21.89,51.42,41.54,94.87,81.79,114.7,271.26,29.82,270.82,48.23,20.26,46.63,,159.54,54.5,98.52,100.02,22.44,67.43,67.69,47.78,18.55,39.83,188.46,156.5,33.07,19.0,23.46,274.58,16.03,186.09,165.45,233.43,87.53,90.65,49.11,73.54,158.58,60.57,24.5,145.43,172.67,432.0,33.84,31.95,123.18,63.01,127.02,132.07,38.74,118.77,26.19,110.08,68.95,21.18,114.46,15.49,16.92,114.67,67.1,69.74,27.85,48.55,214.95,174.84,198.43,44.32,59.45,25.02,,80.18,78.42,,40.44,358.7,50.73,97.51,110.51,195.32,59.81,27.45,16.19,15.34,66.29,141.35,84.69,211.18,42.87,177.87,16.08,107.42,163.58,154.52,,82.42,56.06,47.55,636.63,64.9,86.38,47.98,95.42,87.77,250.54,77.93,44.77,122.9,65.81,170.2,57.01,106.82,,41.78,81.66,36.18,13.25,60.41,294.16,27.82,24.86,39.32,16.64,16.9,154.65,33.79,69.65,23.59,31.43,52.4,145.52,108.84,355.09,26.29,67.88,246.58,254.97,67.27,78.1,57.47,51.17,71.55,185.55,32.35,66.83,79.35,71.35,19.72,110.94,77.87,88.3,37.09,41.06,106.68,92.52,80.28,179.69,161.83,109.61,117.53,29.82,155.83,1905.64,63.98,81.63,58.85,61.31,110.12,50.3,195.88,29.34,149.56,81.48,66.98,35.66,104.09,13.55,219.86,50.6,148.03,59.33,324.89,19.8,66.99,,57.68,188.37,138.1,285.33,79.95,130.4,,193.3,116.65,39.98,66.73,88.51,53.55,42.8,109.51,404.2,51.78,159.07,110.39,98.06,160.16,44.03,59.5,,163.0,,57.17,106.82,61.91,165.77,72.0,27.23,37.39,60.28,114.15,76.9,104.44,,,,109.63,61.03,58.18,131.52,232.84,98.0,28.19,142.58,109.81,214.07,103.71,95.28,78.85,87.6,88.85,64.86,295.16,,41.45,38.81,38.4,75.71,55.84,34.14,198.93,15.42,17.25,138.79,69.26,234.06,108.07,180.63,135.47,116.72,52.41,,76.05,93.31,122.39,50.73,117.25,103.59,49.09,169.54,33.88,124.59,68.1,121.75,93.12,70.6,86.59,208.45,61.62,59.97,54.4,89.22,20.3,67.33,35.66,168.09,,28.41,161.21,118.02,169.0,44.54,31.12,71.49,43.12
2018-02-27,,60.55,118.26,162.55,72.61,145.55,208.82,109.8,11.22,176.27,190.25,89.99,69.0,163.61,68.24,64.89,111.57,118.34,86.97,159.91,242.39,38.8,94.01,1117.51,1118.29,64.0,1511.98,54.89,54.26,65.95,99.58,58.23,140.7,79.96,159.77,97.64,77.68,185.79,91.94,58.47,92.26,237.21,142.46,34.8,38.43,178.39,57.64,41.64,24.74,69.98,87.35,36.87,116.12,116.47,,654.47,156.08,118.91,,40.01,32.33,,68.69,54.95,225.05,,209.66,71.49,290.1,552.77,25.93,364.64,50.09,119.51,27.45,67.84,251.81,69.87,93.47,35.25,24.24,43.94,99.25,70.04,62.04,67.49,161.26,110.19,47.07,54.15,95.78,102.37,27.25,18.08,63.95,41.77,53.8,351.22,3.06,113.61,319.15,144.19,49.47,196.85,97.92,75.88,171.0,45.04,76.38,43.75,92.37,166.69,42.75,,43.62,82.51,69.92,36.66,98.61,36.2,153.09,55.83,75.66,218.05,29.33,190.1,19.85,110.36,40.53,55.12,170.06,68.25,43.35,99.57,92.88,73.67,163.58,,53.62,57.33,31.86,100.3,79.56,26.04,24.75,95.52,103.93,74.26,101.94,,116.3,102.03,,76.33,,53.11,102.31,81.96,43.15,131.09,60.85,135.23,125.8,73.09,76.04,36.74,106.94,51.37,114.19,391.21,55.83,221.83,139.78,57.39,37.24,103.71,65.52,78.64,84.88,77.5,150.84,181.46,55.35,113.48,248.74,98.44,33.26,,32.9,144.21,49.04,43.97,57.8,82.59,29.74,47.54,10.61,77.76,62.52,39.16,19.09,,31.22,60.22,223.89,14.5,21.06,50.78,40.17,92.56,80.36,114.2,267.93,29.49,264.78,47.62,19.95,45.54,,159.02,53.81,97.24,101.56,21.75,66.53,67.21,46.47,18.82,39.56,184.98,153.92,32.75,18.49,23.52,276.92,15.82,187.98,163.24,229.73,86.57,90.08,49.91,73.43,156.55,60.16,23.78,142.58,170.35,430.98,33.02,31.05,120.62,61.74,126.64,131.67,38.02,117.36,26.1,105.85,67.13,21.16,112.34,14.85,16.64,113.46,65.0,67.87,27.27,48.18,212.84,175.34,193.47,43.8,57.66,24.56,,78.7,78.22,,39.33,358.17,50.18,95.79,109.66,192.19,57.85,28.4,18.66,15.0,65.6,138.12,84.31,206.2,41.89,175.93,15.97,106.59,160.66,153.68,,81.24,54.72,47.22,625.57,63.62,88.55,48.58,94.2,85.59,246.54,76.58,44.01,122.7,64.17,168.37,56.72,106.62,,41.11,81.69,36.26,13.07,,290.61,26.96,24.24,38.44,16.38,16.7,151.68,33.16,68.03,23.32,30.19,51.03,142.83,107.59,353.66,25.99,67.29,246.06,238.58,66.75,76.94,57.0,50.73,71.23,181.89,31.84,65.92,79.46,70.54,19.46,110.89,76.95,82.0,36.8,40.23,104.08,92.12,77.94,174.67,160.23,107.9,115.31,29.17,154.0,,63.58,80.54,58.53,60.36,108.69,48.79,192.92,28.5,147.72,81.21,66.34,35.04,104.79,13.16,219.19,49.37,147.44,57.91,320.97,19.62,67.05,,57.43,184.6,137.67,280.33,77.54,128.86,,193.14,116.47,39.93,66.91,89.72,52.87,42.14,110.04,399.41,50.64,153.93,110.3,95.89,158.27,43.4,58.48,,161.65,,56.57,107.17,62.54,164.12,70.57,26.32,36.81,59.85,112.39,75.57,104.39,,,,108.34,60.25,57.99,130.19,232.18,98.19,26.82,141.54,104.87,210.68,102.4,94.32,77.31,86.99,87.99,65.03,291.38,,39.73,37.63,37.14,74.56,55.01,33.58,203.06,15.09,16.75,133.74,67.86,232.52,105.69,178.42,133.91,117.6,51.94,,74.9,92.77,121.61,48.91,116.41,103.07,48.04,165.88,33.21,123.37,66.4,118.87,91.52,69.14,86.95,206.11,60.57,59.21,52.22,87.19,19.99,66.66,35.26,165.24,,28.36,161.01,115.96,168.75,43.7,30.25,71.44,42.69
2018-02-28,,60.33,115.83,161.01,73.13,142.58,209.13,114.25,10.87,177.06,189.36,88.88,68.59,160.79,67.46,64.5,100.43,117.45,84.11,154.22,240.96,38.65,92.26,1103.92,1104.73,62.95,1512.45,54.3,54.25,65.58,97.51,57.34,139.33,79.36,156.44,95.16,75.74,183.77,91.39,57.04,90.15,235.38,140.32,34.15,38.66,178.12,57.59,41.52,24.39,69.11,85.47,36.3,117.47,115.35,,664.72,156.02,118.15,,39.95,32.1,,67.79,54.35,222.02,,207.2,72.44,288.99,549.43,25.33,362.21,49.08,118.87,27.26,66.2,246.46,69.79,93.36,35.1,24.16,43.05,97.93,69.21,61.92,66.91,154.63,112.01,46.75,52.97,87.12,101.42,27.05,17.67,64.16,41.24,53.02,341.93,2.82,111.92,318.41,141.92,49.19,195.89,96.09,74.59,170.66,44.78,75.49,43.49,92.0,166.16,42.45,,43.22,82.02,68.97,36.21,97.22,36.13,150.8,54.31,74.89,215.48,29.08,190.9,19.32,110.06,40.53,53.72,168.17,67.73,41.9,97.78,92.19,72.02,160.87,,53.9,56.06,30.67,100.64,78.83,24.32,22.98,94.59,102.64,74.07,100.1,,116.25,100.78,,75.34,,52.23,101.08,80.7,42.86,130.45,60.59,133.67,123.7,71.06,75.82,38.5,101.42,50.31,113.0,392.1,56.23,223.83,138.44,57.0,37.04,105.17,64.96,75.45,85.05,75.74,148.52,178.32,54.72,113.94,246.41,97.18,33.05,,32.33,143.39,49.1,42.35,56.9,78.48,28.82,45.91,10.61,76.8,60.66,38.67,18.6,,31.58,59.24,222.45,14.11,21.17,50.55,39.35,91.84,78.73,113.39,262.93,28.94,261.55,46.42,19.4,45.38,,156.15,52.85,95.57,99.25,21.64,64.55,66.19,45.42,18.59,38.83,182.27,151.11,32.46,18.56,23.39,271.82,15.7,187.23,161.44,228.02,85.16,88.8,49.29,73.08,155.83,59.59,23.4,141.25,166.86,426.45,32.54,31.46,118.57,61.06,126.3,129.88,36.87,115.5,25.66,103.04,66.2,21.13,110.92,14.96,16.2,113.31,66.09,67.05,27.12,49.33,207.55,172.7,191.86,43.46,56.58,23.99,,77.02,76.17,,39.48,352.44,49.33,89.59,108.22,189.84,58.94,29.41,16.68,14.52,64.06,141.21,83.02,203.93,41.12,175.76,15.9,106.78,157.74,149.23,,79.89,54.22,46.19,616.22,62.93,88.93,48.81,93.77,85.82,239.88,76.25,43.9,123.37,63.37,166.88,56.02,106.15,,40.32,80.75,35.09,12.96,60.55,291.38,25.69,23.33,38.2,16.13,16.4,152.15,32.63,67.03,23.13,29.83,51.31,139.08,105.87,350.04,25.86,65.4,242.0,244.19,65.6,76.23,56.33,50.67,71.59,178.47,31.58,65.13,79.41,68.69,19.14,109.73,76.34,81.46,36.31,41.09,103.55,90.37,76.96,170.23,157.66,105.84,112.44,28.65,149.75,,62.33,78.52,57.58,60.68,106.32,48.43,194.44,28.07,144.28,80.71,65.0,34.44,103.05,13.29,217.51,49.18,147.4,58.11,320.44,19.41,67.18,,57.07,180.8,137.72,275.09,78.09,126.6,,191.8,116.25,39.67,65.64,89.86,53.4,42.37,108.98,401.58,50.28,153.51,109.25,96.92,159.22,43.06,57.84,,159.19,,57.1,106.15,62.67,162.16,69.84,26.29,36.39,59.65,111.9,75.41,103.09,,,,108.35,59.85,57.03,129.08,230.52,98.26,26.32,139.0,103.16,208.58,101.04,92.96,82.68,85.37,87.95,64.93,288.31,,40.08,36.82,36.42,74.38,54.36,33.62,203.35,15.05,16.58,130.25,67.79,226.16,104.41,175.09,134.74,114.2,50.96,,74.57,90.42,119.34,48.32,116.02,102.19,47.74,166.03,33.34,122.94,66.47,117.73,90.01,68.89,86.32,204.64,59.92,58.41,,87.04,19.82,65.76,35.03,162.43,,27.76,157.9,115.78,167.5,43.28,30.32,71.25,42.31
2018-03-01,231.34,58.79,113.84,156.15,72.01,146.79,206.03,117.51,10.96,176.45,185.37,87.66,67.38,160.83,67.92,64.65,96.01,115.11,82.07,148.19,235.35,38.49,91.600049962,1071.41,1069.52,62.43,1493.45,53.96,53.48,65.62,95.14,56.47,135.37,79.15,153.66,93.3,74.18,183.29,88.95,57.12,88.31,231.281831489,137.45,34.27,38.48,175.0,57.07,41.25,24.02,68.37,85.69,36.0,114.74,113.180358874,49.16,662.0,155.05,115.486203357,,39.5,31.48,,66.31,53.89,217.390306437,21.07,201.53,75.3,282.35,532.783339014,25.13,349.69,48.32,118.0,26.5,65.69,243.31,55.37,89.7,35.2,24.92,42.28,96.51,68.28,60.06,65.98,150.23,111.36,46.4,51.9324867525,87.19,99.81,26.72,17.4,62.37,41.65,52.05,339.41,2.8,112.04,313.26,139.81,49.09,193.42,95.35,73.34,169.56,43.8,73.66,43.53,90.81,161.588473454,42.36,,43.43,80.65,68.86,36.54,96.93,36.4,150.34,53.88,74.59,215.95,28.4,189.03,19.04,106.07,40.51,54.52,160.89,67.15,42.28,95.99,92.5,70.45,156.81,46.93,53.35,55.29,30.54,98.9,75.21,24.06,22.7,95.31,104.09,72.35,97.9,,116.44,100.73,,75.56,124.86,51.19,100.41,79.59,42.27,128.71,60.78,132.91,122.17,69.58,75.88,40.02,101.18,50.13,111.5,386.29,56.32,223.97,138.54,56.0595276943,36.94,103.680662785,63.01,74.07,85.86,75.2,146.55,175.94,53.79,115.95,243.7,95.96,32.79,62.09,32.31,141.87,49.16,41.2,55.78,78.64,28.91,45.88,10.29,74.7,59.9,38.36,18.54,7.16,31.7,58.86,219.15,14.02,21.19,50.57,37.4142752486,91.41,77.53,111.45,256.78,28.19,255.71,46.03,19.51,45.11,,152.87,51.91,94.4,99.43,21.93,65.18,63.44,45.67,18.4,37.99,179.64,147.21,32.36,18.41,23.35,269.72,15.61,182.51,158.44,224.54,83.09,85.430542477,47.84,72.06,153.81,58.36,23.01,138.38,164.34,412.13,31.81,31.63,118.54,59.34,126.9,127.28,35.9,113.43,25.17,103.95,66.3803693931,21.0,110.513710747,15.16,16.21,111.21,62.75,66.2717015455,27.46,42.49,203.78,170.34,189.614065438,42.32,57.36,23.64,,76.5,73.88,,39.38,339.69,48.65,87.96,108.13,188.85,59.13,29.25,15.68,14.53,64.79,137.54,81.82,204.05,40.85,173.49,15.85,106.74,155.7,146.54,,78.3,53.7,45.73,596.17,63.24,89.02,47.62,92.85,85.91,241.1,76.84,43.62,122.91,54.22,166.52,54.49,106.32,25.82,40.69,79.6,35.41,12.95,60.6,290.39,26.5,23.35,38.11,15.75,16.1,153.23,32.3,66.1193039794,23.17,30.05,50.48,138.67,103.267546908,338.454734854,26.92,67.53,232.21,243.26,64.8370437784,74.2440089057,56.51,49.71,69.04,177.3,24.105,63.55,78.64,66.96,19.16,108.12,74.27,79.57,35.63,41.26,104.68,90.87,77.52,169.16,155.99,105.12,111.11,28.24,147.130008092,,60.6833944805,78.7,57.79,60.72,103.93,48.29,196.11,28.72,142.65,78.61,64.96,33.86,100.41,13.77,211.36,49.61,145.44,58.33,321.78,19.172675063,66.7,,56.75,176.17,136.04,267.49,77.95,123.372073955,73.19,189.52,119.43,39.76,65.22,89.64,54.0,41.84,107.64,396.51,51.6,154.94,106.59,96.67,153.22,43.98,57.8857815846,3.71,152.95,,56.17,104.58,62.04,159.29,69.09,26.51,35.85,59.46,110.08,74.13,100.08,12.96,38.13,,106.53,58.24,55.51,129.77,226.87,97.8,26.36,138.25728257,102.57,205.21,101.44,93.16,82.84,83.17,87.22,63.86,284.56,9.36,39.76,35.92,35.53,73.42,53.17,33.7,200.71,14.39,16.14,128.41,67.54,223.703426024,106.43,173.24,130.3,116.02,49.31,35.16,73.2372372372,90.82,117.39,49.58,115.02,101.06,47.96,165.83,33.13,120.4,66.3,117.07,89.08,70.2,85.35,198.17,59.63,57.31,,87.27,19.66,64.97,34.36,160.57,,27.38,154.99,115.61,163.42,43.17,30.55,70.8,42.73
2018-03-02,230.37,59.46,115.04,157.5,74.01,146.97,209.79,116.07,10.86,177.53,187.48,87.51,67.51,159.77,69.43,63.38,95.02,117.92,82.23,144.02,232.72,38.22,91.61,1084.14,1078.92,62.55,1500.25,54.03,53.18,65.18,95.6,56.51,134.0,78.88,150.91,93.96,74.52,185.08,89.65,57.45,89.53,232.318433389,138.49,34.78,38.41,176.21,58.03,42.2,23.91,68.66,86.44,36.35,116.28,112.991376818,49.67,662.86,153.9,114.709256328,,39.4,31.63,,66.28,54.29,216.921878764,21.83,201.34,73.04,286.96,534.772895529,24.69,344.67,48.01,118.93,26.77,66.17,250.87,56.15,89.51,35.32,25.26,42.02,96.72,68.94,59.97,64.97,146.38,115.0,46.1,53.1383648751,89.33,100.78,26.69,17.35,62.94,41.87,52.63,332.75,2.96,111.64,319.99,139.86,50.03,193.06,95.85,74.61,169.94,44.06,73.68,44.18,91.98,165.57191912,42.59,,43.72,81.28,69.27,36.49,98.29,36.87,150.57,54.06,74.35,219.84,28.8,189.33,19.45,104.56,40.53,55.04,158.94,67.46,42.05,96.22,95.47,71.91,153.31,46.7,53.26,56.96,31.36,98.22,75.84,24.67,23.15,94.28,104.41,72.5,97.97,,116.24,100.79,,75.35,127.68,51.52,100.75,79.7,42.95,127.86,59.59,134.56,125.09,69.36,76.54,40.05,101.45,50.32,117.23,381.82,55.96,222.22,140.65,56.6047574066,36.92,104.219211823,63.28,74.77,85.05,75.55,148.34,176.62,54.41,116.36,241.31,96.9,32.91,64.33,32.28,143.98,48.93,42.29,56.59,79.65,28.81,40.04,10.4,73.99,60.01,38.79,18.32,7.0,34.18,59.42,223.34,14.12,21.06,50.94,37.0578545264,90.86,78.69,113.45,258.12,28.14,255.3,46.03,19.99,44.2,,153.86,51.77,95.65,101.38,21.84,66.79,65.19,46.68,18.78,38.21,178.46,148.14,32.65,18.44,23.57,269.8,15.8,185.77,158.56,229.19,86.61,85.8483930399,48.98,72.54,154.49,58.47,23.58,137.84,168.84,417.39,32.21,31.55,120.33,60.04,128.45,128.82,36.27,113.32,25.6,104.62,67.68,21.34,111.554422822,15.29,16.1,113.01,66.5,66.5491133624,27.35,43.35,205.25,172.23,194.063366916,41.8,57.48,23.81,,77.23,73.73,,38.99,341.72,48.82,85.34,107.21,190.98,59.04,30.41,16.31,14.86,65.19,139.58,82.62,204.31,40.51,175.02,16.57,108.29,148.27,149.9,,78.33,54.36,45.5,593.26,61.87,91.29,49.11,93.05,85.68,236.56,78.34,44.42,122.73,54.16,166.94,54.74,106.29,26.38,40.97,80.59,36.08,13.16,60.76,301.05,26.59,23.96,37.93,15.87,16.15,152.85,32.68,65.89,23.17,30.44,53.04,138.66,104.303509567,343.05,27.89,67.88,236.54,241.01,64.8469229562,75.037532047,57.08,50.32,67.19,175.55,25.01,63.79,78.87,67.23,19.44,109.04,74.73,82.99,35.95,40.72,106.81,91.37,76.92,168.89,157.43,106.44,110.25,27.73,148.63194368,,61.09,79.5,57.58,60.22,105.6,47.7,195.0,28.95,143.62,81.13,64.74,34.24,101.44,14.65,214.78,49.73,148.76,58.93,330.47,19.3817229219,66.54,,57.98,178.62,135.98,268.01,78.42,122.038536977,73.12,189.02,121.92,39.65,65.47,90.26,54.12,43.11,107.09,390.24,51.07,155.52,109.14,97.85,153.65,44.2,57.6862098501,4.47,152.56,,56.93,104.28,61.32,160.8,69.62,26.91,35.93,59.66,110.33,75.15,101.38,13.48,39.18,,108.22,57.66,55.37,130.94,234.38,98.87,26.75,137.172872712,102.99,206.44,101.7,93.58,83.65,82.96,87.57,64.22,285.15,9.48,39.69,36.37,35.93,73.65,53.41,33.38,194.0,15.23,17.02,128.5,67.51,224.440964609,105.37,176.6,129.94,123.84,49.15,36.48,73.0583674584,92.2,120.49,49.86,115.78,101.37,48.26,170.06,34.09,120.77,66.39,117.74,88.77,70.58,85.52,200.11,59.47,57.41,,88.25,19.87,65.4,34.65,158.65,,27.11,154.92,116.39,163.06,43.03,30.06,72.23,43.3
2018-03-05,232.81,60.37,115.66,158.85,75.1,149.84,211.16,116.36,10.98,178.46,188.16,88.25,67.55,163.28,69.81,63.62,96.44,119.5,83.01,148.73,231.77,38.93,92.89,1094.76,1090.93,64.13,1523.61,55.12,53.19,66.49,96.66,57.62,136.81,80.19,155.62,94.9,75.2,190.13,89.18,58.95,91.14,231.281831489,141.38,35.21,38.76,176.82,57.63,42.72,24.33,69.66,88.66,36.7,118.87,115.040340165,50.49,655.75,156.08,114.340704532,,39.93,32.13,,66.85,54.92,216.543150007,21.94,203.24,75.06,286.95,542.412792545,25.8,352.75,48.72,121.36,27.41,66.82,246.98,56.52,89.78,35.54,25.31,43.52,97.9,70.4,60.46,65.19,151.12,115.35,46.75,53.2280582892,89.04,101.92,27.15,17.84,64.33,44.56,53.61,346.6,3.12,113.15,320.16,141.56,50.42,192.34,96.69,75.89,171.41,44.52,74.42,44.86,92.71,167.792690079,43.29,,43.89,82.27,70.07,36.78,98.85,37.79,152.95,53.99,76.09,219.52,28.88,191.48,19.34,107.72,40.7,56.38,160.94,68.31,42.22,97.58,94.45,72.19,157.54,46.85,53.79,55.86,32.0,100.36,77.07,24.54,23.01,93.43,102.64,73.7,98.57,,115.91,102.57,,77.49,128.45,52.62,103.12,80.22,43.19,129.95,60.67,136.24,126.1,70.15,78.57,40.42,101.81,51.89,121.35,388.51,56.47,225.71,141.64,57.72,37.68,107.370721003,63.49,74.76,86.22,76.27,150.84,180.4,55.27,116.51,241.94,99.59,33.36,66.05,32.63,144.93,49.69,43.44,57.06,80.73,29.8,41.63,10.58,74.26,61.1,39.38,18.19,7.38,34.09,59.6,224.64,14.42,21.35,50.62,37.3647723705,91.78,77.92,113.73,263.12,28.16,259.83,46.26,20.29,45.23,,154.26,53.94,96.8,101.11,22.26,66.61,66.04,48.44,18.98,38.64,181.74,148.51,32.87,18.12,23.69,270.59,16.01,191.14,159.68,230.88,90.97,85.7787512794,49.75,72.68,156.95,58.94,23.59,138.57,170.18,424.25,32.67,32.1,117.41,60.11,130.02,129.79,36.92,115.06,25.84,104.57,69.2,21.45,112.178850066,15.14,16.21,113.83,66.09,66.8067100495,27.99,44.6,206.23,173.99,198.223364038,43.93,58.31,23.92,,77.7,74.9,,38.92,342.36,50.37,86.33,108.67,193.75,59.16,30.35,17.55,15.15,66.16,135.73,83.33,205.42,41.16,178.53,16.42,109.74,151.03,151.31,,79.74,54.4,46.39,599.95,61.91,94.47,52.03,93.64,86.75,238.44,78.03,45.06,123.0,55.74,167.5,55.49,107.27,26.42,41.54,81.77,36.37,13.43,62.19,315.0,28.09,24.38,38.28,16.15,16.4,155.02,33.24,65.05,23.53,30.95,51.9,140.83,105.947104169,344.79,28.95,67.86,235.65,246.85,65.1235399341,75.2656699501,56.91,51.29,68.81,177.12,25.07,65.04,79.07,67.66,19.67,109.43,74.51,82.81,36.12,41.95,107.7,93.06,78.05,171.69,158.71,107.42,112.76,28.32,151.924266062,,61.37,80.29,58.79,61.09,106.22,48.07,197.35,29.31,143.63,83.19,64.01,34.22,102.89,15.11,215.0,50.31,149.83,58.72,333.91,19.6305894207,67.93,,58.64,181.11,137.01,272.53,77.98,120.774662379,72.74,190.37,122.5,40.73,66.16,90.1,55.14,43.94,110.69,393.1,50.35,157.46,111.48,98.41,156.05,44.84,58.2549892934,4.45,152.22,,56.99,105.85,63.0,162.54,70.67,27.09,36.23,60.04,111.85,75.14,101.59,13.18,41.65,,109.01,58.38,56.41,132.93,236.5,99.45,27.98,138.864154142,103.41,206.76,101.03,94.59,83.83,84.11,88.47,64.42,285.58,9.65,41.97,36.65,36.15,73.6,53.97,33.67,197.88,15.56,17.42,130.32,67.21,227.620353912,105.81,180.71,131.71,123.85,49.96,36.23,73.1080535081,91.56,122.66,50.77,117.26,103.09,48.71,173.16,34.28,121.88,67.22,117.73,89.98,70.55,85.69,201.38,60.91,57.59,,89.95,19.9,66.0,34.01,158.58,,27.24,156.92,116.69,165.06,43.83,30.29,72.8,55.92
2018-03-06,233.66,60.88,114.56,158.03,73.92,154.2,212.01,118.59,10.93,178.23,191.8,88.78,68.11,164.2,69.94,64.3,100.14,118.13,83.92,150.71,235.09,38.17,93.43,1100.9,1095.06,64.77,1537.64,53.94,53.57,65.5,96.07,58.03,138.88,79.69,155.57,94.7,76.11,190.35,89.75,58.81,91.93,231.989511632,142.17,35.36,38.62,176.67,59.99,43.12,24.55,69.61,89.76,36.87,119.87,114.791679565,51.32,664.72,155.96,114.52,,40.56,32.11,,67.01,55.25,216.234187073,22.41,204.55,76.77,285.98,548.66,25.77,348.92,48.87,122.1,27.41,65.47,250.96,56.04,89.99,35.72,25.19,43.9,98.04,69.92,61.49,66.15,153.75,118.17,46.96,53.048671461,89.17,101.03,26.77,18.06,64.98,43.2,54.73,337.96,3.11,113.65,318.04,141.93,50.77,194.13,93.41,76.04,172.0,44.29,74.06,45.32,93.64,168.888137637,42.69,,43.93,83.07,69.64,36.87,100.65,38.29,151.36,54.06,75.14,222.56,29.2,191.46,19.25,107.73,40.61,56.14,160.65,67.65,43.44,97.75,94.12,72.06,158.51,47.65,53.84,56.37,31.33,101.18,76.81,24.42,22.86,93.44,104.36,72.92,100.01,,116.12,101.2,,75.86,128.79,54.4,105.82,80.94,43.14,131.01,60.07,137.85,124.55,70.47,77.72,41.7,101.01,51.82,121.39,391.62,56.89,230.05,142.68,56.68,37.17,108.318168383,63.72,74.58,86.25,76.18,152.14,179.78,56.47,116.96,243.04,98.71,33.66,67.45,31.85,144.22,50.5,44.13,57.57,82.42,29.98,42.1,10.63,75.12,62.23,39.6,18.7,7.88,34.59,59.81,224.81,14.64,21.36,51.06,37.5528833072,92.53,79.32,114.18,266.93,28.37,267.76,45.92,20.32,44.33,,154.67,54.42,95.87,100.99,22.29,66.56,66.03,48.48,19.41,38.41,181.64,149.33,33.43,18.2,23.95,273.11,16.2,190.59,161.65,235.76,91.09,86.5448106448,50.71,73.34,155.72,57.7,23.67,139.63,169.46,426.5,33.12,32.39,118.57,60.2,129.68,128.22,37.39,115.16,25.94,105.83,69.9,21.7,112.05,14.96,16.11,116.07,66.82,67.1435672558,28.01,45.11,205.22,172.72,207.94,45.51,59.17,24.07,,77.19,75.85,,39.55,339.5,50.88,87.12,109.74,195.34,59.18,30.36,17.57,15.03,67.39,137.61,83.54,208.63,41.14,177.53,16.44,110.06,151.2,151.17,,80.41,54.3,47.07,605.29,62.07,96.57,53.74,93.32,86.22,241.29,78.79,45.57,123.37,55.67,166.06,56.56,108.38,26.03,43.23,83.91,36.7,13.48,63.8,325.22,27.89,23.2,38.85,16.42,16.6,153.26,33.28,65.24,23.21,30.69,52.49,141.08,106.305706627,341.87,29.21,67.78,242.16,251.74,64.8666813118,74.7300418297,57.02,51.5,69.91,177.84,24.65,65.09,79.23,68.52,19.9,109.58,75.61,82.42,35.88,42.42,107.98,93.93,76.3,169.96,159.34,106.96,115.07,27.68,153.65,,61.59,80.02,58.62,61.6,107.54,47.19,198.16,29.9,143.0,83.68,62.14,34.68,104.14,15.22,213.24,50.54,149.72,58.95,333.48,19.8097732997,68.08,,59.55,181.5,136.39,273.74,80.51,123.8,73.35,190.99,124.48,40.96,66.63,90.04,56.23,44.39,109.36,401.03,48.75,157.63,111.85,99.83,158.94,44.1,58.25,4.4,153.49,,57.03,105.46,63.12,162.73,71.07,26.96,36.2,60.87,113.36,71.79,101.93,12.97,41.94,,109.69,58.59,56.87,132.33,240.4,99.37,27.74,140.66487143,104.94,210.12,101.35,95.12,84.39,84.72,88.91,64.78,284.09,9.54,42.38,37.54,37.02,74.05,54.17,33.88,200.22,15.73,17.62,131.29,67.52,225.427671634,109.8,184.99,131.61,124.95,49.96,36.98,72.9689325689,91.72,123.44,50.45,117.45,104.27,48.89,168.72,34.21,121.06,67.6,119.41,89.06,69.79,85.82,205.32,60.08,57.07,,93.8,19.9,66.4,34.23,161.42,,27.63,157.43,117.61,166.78,42.91,30.04,73.98,55.91
2018-03-07,235.57,61.29,114.72,158.55,74.07,146.8,216.86,116.77,10.8,178.64,190.1,88.77,69.7,164.53,69.99,64.0,100.05,118.38,83.93,153.22,235.38,38.06,93.39,1115.04,1109.64,64.07,1545.0,53.58,54.11,64.92,95.64,57.31,140.0,80.18,155.74,95.6,76.52,187.53,90.26,57.72,92.74,231.102419622,142.49,34.65,38.82,175.03,59.42,43.03,24.62,69.55,89.08,36.91,137.7,114.562911812,50.83,656.77,158.11,115.79,,40.74,32.18,,67.02,55.02,218.367027967,21.89,204.3,73.64,284.54,547.43,28.73,347.04,48.85,122.74,27.59,66.1,247.05,52.89,90.01,35.96,25.41,43.08,97.63,70.04,60.72,66.01,151.51,118.79,46.88,51.9324867525,90.22,101.71,26.71,17.88,65.04,41.91,55.43,338.67,3.04,113.84,319.95,140.64,49.96,194.25,92.69,75.72,172.19,44.2,73.92,45.44,94.36,167.882317607,42.49,,43.82,83.25,69.68,36.12,101.17,37.77,152.55,54.07,74.48,223.91,29.34,187.36,19.21,107.6,40.65,56.25,159.25,67.51,43.45,100.82,93.39,72.19,157.9,47.4,53.53,56.43,30.95,103.06,76.63,23.935,22.39,89.39,89.25,72.89,99.51,,116.3,99.92,,75.25,128.38,54.91,106.16,81.03,43.93,132.8,59.11,137.77,127.17,69.59,76.76,42.76,100.87,51.35,121.12,391.38,57.83,231.48,143.55,56.29,36.82,111.35,63.04,73.42,86.19,74.26,153.32,183.71,56.64,117.28,241.68,98.57,33.68,67.95,31.59,145.06,50.04,44.37,57.66,82.79,29.65,40.72,10.63,77.96,61.79,39.31,18.12,8.05,33.28,59.99,226.28,14.51,21.25,51.06,37.3647723705,91.66,79.99,114.31,265.35,28.31,271.26,45.83,20.4,43.9,,155.76,54.27,94.22,101.31,22.63,65.12,67.13,46.48,19.15,38.64,178.58,150.41,33.17,18.54,24.04,273.29,16.28,194.42,163.0,241.2,91.7,86.7835823951,51.32,73.24,158.32,55.0,23.46,139.32,170.66,430.46,33.34,32.71,118.9,60.19,128.72,129.04,37.07,114.73,25.87,106.29,69.3,21.97,110.77141088,15.21,16.05,117.45,65.18,66.8364327442,26.23,43.97,205.37,171.45,211.74,45.07,59.29,24.0,,77.44,76.04,,39.0,342.2,50.94,86.11,109.38,195.19,59.27,29.92,16.15,14.8,67.68,138.98,83.8,208.15,41.27,179.21,15.98,109.19,152.38,151.75,,81.13,54.47,47.05,611.54,61.67,95.57,53.97,93.86,86.7,237.22,78.26,43.58,122.95,55.55,166.76,56.88,108.84,25.17,42.49,83.95,36.51,13.53,63.35,321.16,27.2,22.94,37.7,16.3,16.5,153.05,32.7,64.17,22.95,30.72,51.05,140.72,107.202212774,346.82,29.38,69.48,241.84,242.78,64.4023599561,73.51,56.71,51.72,69.07,176.39,25.14,64.82,79.52,69.32,19.92,109.84,77.0,82.86,35.93,41.12,106.89,94.22,75.43,170.17,159.64,106.97,115.02,27.62,155.1,,61.58,79.16,58.42,61.92,107.31,46.38,198.01,29.62,140.49,83.32,62.49,35.17,104.36,15.26,214.36,50.85,153.31,58.85,334.41,19.7799093199,67.87,,59.87,182.1,136.25,279.39,75.4,123.53,72.07,189.7,125.33,41.64,66.23,,56.3,43.81,108.56,407.8,49.44,155.92,111.54,100.08,158.95,43.67,57.57,4.16,156.63,,57.03,105.35,63.76,162.99,71.47,27.24,36.3,60.13,113.09,71.43,102.17,12.77,41.59,,108.56,58.52,56.9,130.55,246.23,99.88,27.28,138.167744141,103.59,212.16,100.58,95.0,82.63,84.84,89.39,63.78,287.02,9.39,42.58,37.02,36.51,74.53,53.66,34.15,201.07,15.5,17.38,131.11,67.81,226.514046035,109.21,181.35,130.93,126.2,49.94,37.07,73.0384930385,92.04,123.7,51.22,117.93,104.13,48.84,170.17,33.65,121.85,67.64,119.09,87.74,69.5,85.3,207.5,59.66,56.6,,95.27,19.96,66.2,34.28,158.6,,27.46,158.85,117.37,168.41,42.72,29.83,73.94,55.75
2018-03-08,,61.87,117.01,158.5,76.81,151.76,216.4,115.75,10.84,176.25,191.54,89.99,69.85,167.08,75.08,64.8,99.28,120.01,84.76,153.5,236.17,38.32,94.33,1129.38,1126.0,65.43,1551.86,53.86,54.79,65.3,96.59,56.27,142.74,80.8,156.41,96.24,77.25,187.16,90.58,57.08,92.72,228.79,144.23,34.97,39.0,176.94,59.37,43.29,24.8,70.05,88.36,37.11,137.29,116.96,,654.6,159.5,115.5,,41.02,32.2,,67.82,55.02,223.44,,205.29,73.25,284.69,553.39,27.67,348.73,49.85,122.31,27.85,66.75,246.95,53.48,89.6,36.16,24.95,43.14,98.15,70.42,60.76,66.73,153.59,119.89,46.98,52.66,91.19,100.28,27.09,17.82,63.66,40.89,55.91,341.19,2.97,113.35,321.86,141.91,50.98,172.0,93.69,75.26,172.23,44.34,74.11,45.22,94.57,168.44,42.56,,44.45,83.22,71.02,36.88,100.34,37.98,149.74,53.57,75.31,227.7,29.33,185.69,19.32,110.24,40.63,56.25,159.2,68.36,43.59,101.61,93.62,72.6,161.06,,54.64,56.95,32.39,103.72,77.1,23.96,22.46,86.05,91.32,72.83,100.19,,117.35,100.4,,75.99,,55.17,105.9,81.14,43.68,134.34,59.56,138.25,128.82,70.21,76.66,42.79,100.59,51.07,120.96,389.42,58.27,234.15,144.39,56.87,37.45,110.33,63.51,79.72,87.05,74.12,147.06,182.34,56.52,117.19,240.47,99.28,33.67,,31.8,146.1,50.28,44.5,57.17,82.25,29.8,40.85,10.61,78.36,61.97,39.52,17.87,,32.6,59.89,226.65,14.52,21.11,51.7,37.84,90.52,80.07,114.53,266.34,28.46,274.7,46.01,19.54,44.34,,155.74,54.36,93.38,102.35,22.86,65.02,67.13,46.7,18.95,38.66,177.94,151.23,33.5,18.61,23.95,269.52,16.16,197.45,166.25,243.52,92.42,87.48,50.74,74.3,156.21,54.9,23.65,139.0,171.47,432.36,33.9,32.71,118.7,59.61,129.67,132.06,37.63,114.74,26.04,108.67,69.64,21.81,112.05,15.14,16.01,117.0,62.19,66.99,22.98,41.62,207.28,172.8,212.74,45.32,58.66,23.98,,78.89,76.4,,38.79,341.78,51.26,86.16,109.37,194.69,58.78,28.92,16.15,14.83,69.03,139.35,84.44,207.01,41.45,179.25,15.97,109.62,154.44,153.98,,82.21,54.76,46.84,606.88,60.71,95.34,55.22,94.43,87.03,240.08,80.55,44.0,123.02,56.83,168.37,56.96,108.47,,42.01,84.86,36.64,13.57,63.88,317.0,27.67,23.51,37.66,16.22,16.4,154.31,32.79,65.11,23.08,30.68,50.13,140.44,107.77,346.36,29.6,67.63,241.18,242.34,62.96,73.51,56.6,52.13,68.16,181.16,24.92,65.39,79.87,70.27,19.77,112.08,77.2,85.06,36.5,41.73,109.0,95.19,75.97,167.68,159.49,105.23,115.4,27.77,157.88,,61.37,79.97,59.02,62.38,107.49,46.83,199.81,29.52,140.26,84.23,61.82,35.17,104.64,15.06,214.09,50.58,153.46,58.96,340.78,19.76,68.2,,59.66,183.85,136.49,279.69,75.22,124.78,,192.5,126.36,41.2,66.74,,58.88,43.8,109.79,404.35,47.86,156.28,111.44,99.47,154.77,43.41,58.37,,156.92,,57.47,106.18,63.81,163.35,71.32,27.63,36.84,60.48,114.17,69.75,102.83,,,,109.49,59.05,55.69,132.98,248.58,99.65,27.29,139.67,104.03,211.7,102.09,94.79,82.66,85.62,89.22,64.41,286.01,,42.45,37.18,36.79,74.97,53.94,34.48,206.54,15.29,17.16,132.28,69.87,224.73,108.8,183.36,131.26,127.27,49.63,,72.8,93.31,123.51,50.52,118.35,104.38,49.01,171.88,32.85,122.22,67.62,119.18,87.92,68.97,85.24,208.96,60.28,56.72,,97.22,19.66,66.05,34.47,158.78,,27.15,159.57,116.48,179.11,43.13,29.83,75.69,55.8
2018-03-09,,63.6,119.29,161.51,78.22,152.69,221.11,118.86,10.85,177.38,196.11,91.68,71.13,171.1,76.07,64.8,101.76,125.68,87.21,157.28,239.19,38.71,96.03,1160.84,1160.04,65.65,1578.89,53.99,56.07,65.65,99.05,56.57,143.58,81.36,161.11,99.0,78.79,191.1,92.44,58.03,94.73,232.8,148.03,35.32,39.99,179.98,61.61,43.3,25.19,72.63,90.81,37.05,139.36,118.83,,659.4,161.42,117.33,,41.81,32.72,,68.89,56.03,226.12,,212.94,73.82,286.1,577.18,27.69,354.52,51.56,123.62,28.54,67.92,253.78,55.05,91.74,37.12,25.52,43.61,100.79,71.16,62.43,67.47,158.25,124.54,47.59,52.18,92.555,102.66,27.13,17.94,64.91,41.5,57.7,347.59,3.1,117.22,322.16,144.0,50.59,173.36,92.89,77.04,178.3,45.37,76.11,46.26,95.51,171.42,42.86,,44.82,84.71,71.24,37.13,102.21,38.06,153.29,55.06,75.24,230.34,29.93,188.58,19.4,110.99,40.57,58.0,162.37,69.27,43.8,103.74,94.81,72.46,167.93,,56.09,57.67,32.72,103.14,78.42,24.19,22.49,86.94,92.7,72.87,102.69,,117.95,100.53,,76.13,,57.24,109.29,83.14,43.81,134.91,59.38,139.32,128.49,72.27,76.78,42.89,102.8,52.44,124.92,395.16,59.51,237.52,145.05,57.24,37.5,112.22,64.74,80.75,88.19,74.56,147.48,185.23,57.97,116.32,247.12,100.77,34.21,,32.65,148.23,51.54,45.58,58.52,83.55,30.78,42.56,10.73,80.27,63.52,40.46,18.43,,33.07,60.99,229.95,14.94,21.13,51.45,37.84,92.62,80.72,117.22,270.77,28.75,280.43,46.99,20.01,44.35,,157.72,56.13,91.46,103.9,22.6,66.89,68.43,48.46,19.16,39.57,182.16,154.21,33.76,18.91,24.65,272.5,16.5,203.17,170.3,250.12,94.23,89.63,52.19,75.73,159.31,55.24,23.93,141.01,177.17,440.46,34.52,33.25,121.8,60.8,129.92,133.8,38.54,118.04,26.43,111.65,70.25,22.15,111.94,14.48,16.33,121.15,62.97,67.23,24.08,42.26,210.4,175.75,224.95,46.41,59.79,24.5,,79.61,78.71,,39.64,340.49,51.72,87.28,112.28,196.81,58.02,28.88,16.45,15.22,70.22,143.29,85.87,209.18,42.48,183.24,14.835,110.54,157.24,155.79,,83.15,55.14,47.84,616.0,61.4,98.97,54.59,96.54,89.36,245.0,81.09,44.27,123.51,58.06,170.05,58.67,109.09,,42.51,86.53,37.72,13.86,65.26,331.44,27.32,23.37,37.71,16.47,16.8,154.81,33.41,66.3,22.96,31.08,49.99,145.53,110.7,349.64,29.75,67.16,245.33,250.51,63.67,73.73,57.31,52.97,69.07,186.58,25.29,66.52,80.71,71.82,20.15,112.54,79.22,84.95,36.77,42.03,108.3,95.91,76.38,171.53,162.45,105.84,117.65,27.54,160.09,,63.05,80.29,60.37,63.69,110.3,47.05,199.96,30.04,143.07,85.51,63.03,35.99,106.99,15.74,214.81,50.87,155.48,59.1,341.7,20.11,68.9,,60.51,189.13,137.82,285.04,77.01,126.62,,194.96,127.41,39.13,68.78,,60.19,44.65,109.08,421.16,48.9,156.57,113.56,99.61,153.38,43.76,59.7,,159.98,,58.46,109.83,64.67,166.41,72.85,27.85,37.28,61.28,117.6,70.49,105.75,,,,111.53,60.4,57.23,131.57,251.43,100.36,28.25,142.3,104.73,217.89,101.76,95.26,82.67,87.34,90.74,65.34,292.0,,43.03,37.73,37.21,75.69,55.28,35.24,205.92,15.18,17.05,137.28,71.55,225.43,110.38,189.4,134.07,126.66,51.19,,73.59,94.32,126.55,49.69,120.46,105.84,49.01,176.26,32.72,124.51,68.21,121.2,88.72,70.6,87.21,212.7,60.55,58.23,,99.55,20.17,67.07,34.86,164.06,,28.0,164.14,121.09,188.89,43.28,29.92,76.2,55.67
2018-03-12,,63.62,118.3,161.69,76.86,150.81,220.94,118.41,10.74,177.07,194.73,90.83,70.71,170.88,74.97,65.78,102.99,127.08,87.4,158.41,238.06,39.21,94.85,1165.93,1164.5,65.77,1598.39,54.41,56.5,65.87,97.67,56.61,145.08,82.2,159.88,100.29,78.35,189.3,92.66,58.98,95.53,229.86,146.31,35.41,40.04,181.72,60.97,44.53,24.93,71.71,89.0,37.36,138.37,117.53,,653.26,161.54,116.52,,41.65,32.84,,68.5,55.6,225.5,,211.82,72.05,279.9,571.79,27.78,344.19,50.77,125.56,28.54,67.45,262.84,54.42,91.03,36.81,25.52,43.59,100.46,72.36,62.5,67.36,154.5,123.82,47.67,52.29,92.28,100.3,27.43,18.02,64.64,41.88,57.76,359.22,3.11,116.79,323.76,143.09,50.56,167.31,95.38,75.24,176.61,45.55,76.02,46.15,95.88,169.18,43.09,,44.53,84.07,71.08,36.96,100.82,38.05,153.48,54.74,75.69,230.15,29.84,189.37,19.19,111.39,40.6,57.59,160.06,69.01,44.34,103.4,94.75,72.26,164.03,,56.16,58.42,32.82,104.35,78.15,24.42,22.62,88.61,94.29,72.97,101.5,,117.59,100.91,,76.55,,57.88,110.84,81.53,43.9,136.78,60.2,140.04,128.12,71.42,77.23,43.51,100.65,52.2,124.87,395.35,59.5,238.74,145.37,57.06,37.53,114.44,64.68,78.25,87.56,75.24,146.78,184.76,57.81,117.32,246.54,101.23,34.26,,32.7,147.64,50.82,45.16,58.28,83.88,31.1,43.32,10.81,78.53,62.76,39.83,18.56,,32.24,61.01,224.64,15.1,21.36,51.97,37.83,92.37,81.06,117.83,273.38,28.89,279.74,46.92,20.15,44.82,,158.02,55.2,90.07,103.56,23.12,65.81,67.85,48.65,19.07,38.93,179.71,152.23,33.7,18.73,23.83,268.21,16.48,204.35,169.2,253.17,94.45,88.08,51.52,75.67,160.26,54.98,23.73,142.05,177.33,438.95,34.52,33.01,120.82,60.43,130.31,132.63,38.7,117.66,26.34,111.24,69.83,21.8,113.06,14.69,16.55,122.39,63.03,67.7,23.99,42.15,204.77,175.61,228.65,46.87,60.43,24.5,,79.04,78.41,,39.33,333.1,51.51,87.68,111.14,194.91,58.1,28.76,16.27,15.09,69.27,141.81,84.91,209.72,42.47,182.54,14.99,110.69,157.74,157.8,,83.3,55.36,47.02,615.91,61.41,100.24,59.37,96.77,89.34,247.93,80.96,44.39,123.15,58.43,169.86,58.91,108.85,,42.78,85.89,37.6,13.46,64.53,321.3,28.99,23.3,37.98,16.55,16.85,154.39,33.92,66.82,23.14,30.88,49.85,142.56,109.51,344.72,29.89,67.69,249.76,249.12,63.89,73.45,57.59,52.9,67.74,182.36,25.01,66.5,80.6,71.19,20.11,112.75,78.78,86.14,36.61,42.42,107.14,94.99,76.32,171.19,162.26,107.48,116.46,27.89,161.11,,63.05,79.86,59.97,63.56,109.89,47.58,199.41,30.18,143.32,86.39,62.81,35.96,105.6,15.6,210.04,51.25,155.08,59.12,344.55,19.92,68.85,,59.34,187.9,136.43,282.83,76.43,125.26,,195.96,126.78,39.08,68.09,,60.21,44.6,109.75,415.25,47.98,156.74,115.16,99.79,151.47,43.82,59.76,,157.82,,59.4,108.83,64.87,167.89,72.58,27.76,36.98,60.52,117.09,70.67,105.24,,,,111.63,59.0,56.44,130.37,240.95,101.0,27.62,141.49,105.17,217.49,100.42,96.75,82.47,87.02,89.95,63.66,288.0,,43.17,37.98,37.5,75.27,55.01,35.32,207.62,15.24,17.18,136.66,72.0,222.77,108.91,186.63,131.5,126.28,50.69,,73.21,92.69,126.55,50.38,120.24,104.86,48.8,177.13,32.82,124.24,68.36,120.99,88.07,70.15,86.67,212.87,60.89,58.02,,102.86,20.13,67.05,35.12,163.31,,28.26,162.96,118.91,191.79,43.66,29.69,77.07,55.56
2018-03-13,,63.2,119.75,162.49,75.93,151.09,219.76,119.0,10.67,177.44,194.95,90.75,70.68,170.93,73.3,68.79,103.13,121.08,86.09,163.19,232.63,39.3,96.41,1139.91,1138.17,66.13,1588.18,54.09,56.23,66.04,95.37,55.94,146.25,80.75,158.91,100.6,78.38,189.75,92.51,58.55,94.66,230.22,145.96,35.46,40.05,179.97,59.69,44.24,24.95,71.27,89.1,37.39,136.0,117.39,,650.09,161.52,115.91,,41.62,32.36,,68.09,55.38,223.85,,209.13,71.52,283.24,564.06,27.19,338.67,50.83,125.26,28.43,66.68,261.22,54.55,91.71,36.27,25.64,43.94,98.82,72.27,62.62,67.57,153.69,119.92,47.62,51.9,91.56,101.67,27.31,17.7,63.05,40.38,56.68,350.01,3.12,116.46,326.8,141.94,50.74,164.39,92.56,75.08,176.13,45.16,74.91,45.73,95.6,164.81,42.96,,44.57,83.79,70.87,36.43,99.4,38.03,150.5,53.96,75.49,227.94,29.84,187.46,19.2,111.66,40.58,57.48,160.35,68.25,44.76,102.8,94.48,70.19,161.32,,56.59,57.8,32.79,105.66,77.33,24.25,22.45,89.53,94.42,73.0,100.62,,117.65,100.93,,76.47,,56.99,109.35,81.28,42.82,136.83,62.06,140.83,126.57,71.23,77.09,42.72,100.05,52.66,123.74,405.42,59.37,238.05,145.78,56.68,37.44,109.53,65.06,77.0,87.91,74.53,147.84,181.88,57.76,117.81,250.77,100.41,34.06,,32.99,147.5,51.37,44.6,57.83,83.78,30.34,43.86,10.78,77.99,62.57,39.42,18.48,,32.67,61.15,223.35,14.43,21.43,51.99,38.01,91.73,81.72,117.25,268.53,28.35,276.65,46.1,19.77,44.85,,158.1,54.31,89.35,102.58,23.0,64.63,68.04,48.4,18.88,38.78,178.35,151.5,34.03,18.7,23.62,269.98,16.29,204.53,169.93,253.54,94.63,88.24,51.78,75.06,159.32,55.0,23.44,141.29,177.68,440.22,34.11,33.22,121.99,60.11,131.53,134.35,38.88,116.25,26.41,109.58,69.64,21.36,112.96,14.68,16.5,120.48,64.11,67.37,24.01,41.9,206.52,174.65,223.97,47.02,60.56,24.3,,79.15,77.84,,39.42,333.46,51.24,86.14,110.34,193.05,58.89,29.82,15.98,14.82,69.24,141.75,84.62,210.32,42.29,181.01,14.47,110.74,158.22,157.69,,83.47,55.37,47.1,612.0,62.28,98.03,59.43,94.41,89.47,250.59,80.46,44.04,123.59,58.69,169.08,58.03,109.22,,42.35,85.25,37.31,13.47,64.83,315.88,28.6,23.5,38.22,16.37,16.65,154.67,33.5,66.17,23.14,30.18,50.33,142.38,108.55,344.33,30.0,67.53,247.71,250.82,64.2,73.72,57.76,52.58,67.38,181.86,24.69,66.72,80.2,69.97,20.05,113.6,78.08,86.51,36.75,45.1,107.24,94.55,76.42,169.56,160.49,107.32,116.07,27.76,160.37,,62.68,79.72,60.01,63.37,109.6,47.39,197.4,30.44,143.34,83.42,59.7,35.46,104.99,15.59,210.62,51.45,153.95,59.2,337.75,19.71,69.0,,59.13,185.42,136.04,281.66,77.0,125.95,,195.89,126.73,39.0,67.14,,59.68,44.74,110.7,413.77,47.91,157.47,112.0,98.49,151.94,43.59,60.33,,156.63,,59.05,107.33,64.62,167.11,72.27,27.34,36.68,60.7,116.97,71.17,104.62,,,,110.59,58.9,55.96,131.19,236.86,101.8,27.61,140.69,103.73,215.12,101.29,96.16,82.3,86.38,89.51,62.93,289.51,,42.28,37.41,36.85,75.62,54.15,35.41,208.4,14.58,16.56,136.83,72.6,226.94,109.33,186.65,130.15,123.89,50.32,,73.47,93.49,125.49,50.35,120.51,104.48,48.65,174.96,32.8,123.2,68.22,121.67,88.3,69.86,86.66,212.13,60.8,57.56,,102.91,20.37,67.01,35.55,162.72,,28.02,162.39,118.4,185.41,43.51,31.34,76.14,55.6
2018-03-14,,62.86,118.94,161.0,74.22,148.87,218.44,117.06,10.7,176.62,193.46,90.21,69.92,168.98,73.25,65.67,100.33,122.68,85.36,167.06,230.33,39.54,96.41,1148.89,1149.49,63.82,1591.0,54.63,55.28,66.59,94.53,54.93,146.46,81.2,157.01,98.58,78.2,190.57,91.37,58.92,94.09,229.03,144.22,35.65,40.3,178.44,60.23,43.77,24.06,70.74,88.03,37.03,136.19,116.1,,649.3,163.47,114.83,,40.94,32.14,,67.28,54.62,223.52,,206.99,69.9,285.72,558.96,26.62,330.26,50.59,125.59,28.01,66.63,260.59,54.37,89.74,35.84,25.57,44.2,97.2,72.04,62.8,66.96,152.54,119.29,47.25,51.27,91.61,103.56,27.05,17.33,62.04,40.31,55.94,340.96,3.03,115.13,319.66,140.76,49.84,166.88,93.54,74.05,173.61,45.28,73.47,45.13,95.26,162.95,43.32,,43.78,83.63,69.99,36.02,97.72,37.46,150.21,53.96,75.97,227.39,29.54,184.63,18.97,112.08,40.67,56.83,159.61,67.05,44.39,102.18,94.21,70.03,160.21,,56.15,57.3,32.62,105.47,76.46,24.07,22.25,89.2,92.81,73.52,99.0,,117.81,101.77,,77.0,,57.16,107.49,80.09,42.83,136.31,63.81,141.0,127.97,70.74,77.5,39.41,99.89,52.45,123.19,413.71,59.54,238.67,145.09,57.19,37.83,113.28,63.9,76.7,86.16,73.6,147.92,184.19,57.37,117.94,246.91,100.32,33.62,,33.42,147.59,50.65,44.26,57.5,82.69,30.13,43.26,11.02,77.61,61.7,38.86,18.66,,32.42,60.26,221.69,14.27,21.69,51.81,37.69,90.38,81.1,117.88,264.43,28.04,280.21,46.24,19.38,43.46,,157.58,53.87,88.53,101.93,22.95,64.61,68.3,48.57,18.85,38.44,177.41,150.42,33.72,18.92,23.48,270.5,16.05,203.58,169.34,251.79,92.26,88.32,51.86,74.31,158.12,54.75,23.44,139.29,177.29,440.77,33.27,32.98,119.81,59.78,130.85,132.32,37.22,114.95,26.2,106.69,69.0,20.92,111.08,14.59,16.42,120.44,62.25,66.58,23.44,41.3,203.87,174.35,222.64,47.41,59.9,24.3,,78.49,76.27,,39.03,331.68,50.96,86.38,108.75,190.31,59.6,29.23,15.91,14.87,69.36,141.43,83.77,206.73,41.57,180.12,14.18,110.56,158.24,155.44,,82.3,54.8,46.91,606.13,61.1,97.25,59.78,93.85,90.38,248.89,81.1,43.88,123.15,58.73,166.69,56.99,108.95,,42.02,84.37,37.39,13.24,64.55,321.55,28.43,23.54,38.19,16.33,16.65,158.01,33.54,66.2,23.31,29.7,49.48,136.64,106.49,340.1,30.2,66.0,248.74,249.14,64.04,73.96,57.16,52.32,66.35,179.46,24.74,65.89,83.31,70.64,19.82,112.61,77.09,85.78,36.35,44.17,105.61,94.21,76.78,169.04,158.09,107.78,115.04,27.93,157.54,,62.05,79.0,61.4,63.22,108.05,48.45,194.61,29.55,143.67,82.22,60.12,35.07,104.96,15.04,208.31,51.39,155.04,58.82,341.42,19.4,68.45,,58.45,183.41,135.74,279.85,77.18,125.63,,192.38,127.99,39.42,66.43,,59.93,44.21,112.86,409.02,38.22,158.49,111.94,98.71,152.21,44.05,59.62,,156.81,,58.83,105.78,64.38,166.38,71.06,27.37,36.1,59.88,115.5,70.65,103.93,,,,109.97,59.09,54.87,128.57,233.89,101.68,27.1,139.52,103.9,213.46,101.02,96.4,81.88,85.24,89.86,62.62,295.12,,44.05,37.69,37.23,75.38,53.27,35.54,201.99,14.02,16.08,134.83,70.74,225.38,108.76,184.82,129.58,123.26,49.51,,74.75,92.66,125.74,49.68,123.01,104.09,48.45,174.38,32.64,122.58,68.22,120.43,87.67,68.55,86.41,211.22,61.3,56.63,,103.2,20.31,66.2,35.24,160.12,,28.14,161.53,116.08,185.22,43.54,30.75,76.01,55.45
2018-03-15,,62.59,114.93,162.86,73.38,149.84,218.87,117.1,10.69,174.59,190.46,90.02,70.18,169.08,74.71,65.92,98.07,126.83,85.48,166.12,228.24,39.66,96.81,1150.61,1149.58,63.81,1582.32,54.77,55.17,66.99,94.39,54.66,146.65,81.47,155.39,97.36,77.96,189.75,91.95,57.91,93.94,230.0,144.97,35.34,40.26,178.65,60.28,43.26,24.24,70.74,88.88,37.04,136.74,116.48,,648.93,163.67,114.15,,40.97,32.1,,67.59,54.61,224.15,,207.82,68.99,286.7,557.93,26.71,329.98,50.68,125.91,27.84,66.25,267.76,55.32,90.28,35.69,25.05,43.31,98.05,70.7,62.17,66.73,154.57,118.61,47.4,51.04,89.91,105.24,26.92,16.97,61.78,38.99,55.59,339.55,3.02,115.58,318.91,141.06,49.54,166.9,92.14,74.3,173.3,45.33,73.34,44.96,95.48,165.39,43.71,,43.67,84.83,69.56,36.15,98.05,36.38,148.26,54.03,76.58,226.89,29.53,185.51,18.57,109.61,40.67,56.75,160.16,65.86,43.45,102.22,93.62,69.45,159.6,,56.34,56.95,31.71,105.33,75.37,23.4,21.61,93.44,94.16,71.24,99.12,,117.27,101.72,,76.74,,56.74,106.97,80.27,42.59,136.7,64.0,141.1,129.12,70.93,77.53,39.89,98.65,49.73,123.65,415.23,59.72,241.71,144.12,57.58,37.87,112.45,63.7,76.33,86.23,74.42,148.15,183.86,57.61,117.17,247.4,100.1,33.57,,33.68,147.67,50.41,43.85,57.31,81.07,29.18,43.46,11.07,78.1,61.66,38.66,18.41,,31.83,59.68,222.6,14.36,21.63,50.93,37.85,90.25,79.51,118.21,266.61,28.03,281.28,45.29,19.43,43.42,,158.18,53.81,88.15,103.15,22.95,62.64,67.99,48.86,18.83,38.48,178.07,151.07,33.3,19.05,23.48,271.09,16.04,203.37,170.18,251.61,88.69,90.22,50.88,74.26,159.61,54.42,23.56,139.03,177.93,441.95,32.92,32.89,119.77,59.94,124.85,133.06,37.05,115.24,26.23,106.3,66.99,20.91,110.94,14.44,16.31,120.81,61.49,65.46,23.63,41.04,203.75,173.83,223.08,46.01,58.89,24.41,,78.75,76.49,,39.05,333.23,50.94,85.54,107.47,190.33,59.11,28.8,15.77,14.91,68.63,141.73,83.86,205.45,41.61,180.95,13.84,108.97,161.61,153.96,,82.03,55.25,46.96,613.83,60.84,97.53,58.84,94.18,90.85,246.4,81.41,43.39,117.2,58.19,166.48,57.22,108.8,,41.67,84.08,36.26,13.21,63.67,321.09,28.89,23.77,37.31,16.42,16.75,158.14,33.47,66.39,23.39,29.33,48.92,137.63,106.1,340.82,30.77,66.18,249.34,248.84,63.91,73.88,56.64,52.37,66.82,180.08,24.44,66.4,82.57,72.13,19.77,111.99,77.6,84.45,36.58,44.17,104.99,94.46,77.05,166.57,157.87,108.44,114.28,27.84,155.67,,61.97,78.67,61.58,63.44,108.49,48.65,195.17,28.97,142.38,79.0,59.89,35.0,104.72,14.74,208.58,51.14,154.43,58.26,334.93,19.37,68.57,,58.72,181.76,135.5,282.86,76.82,124.65,,192.71,127.22,40.38,65.35,,59.57,44.05,112.2,410.27,37.55,156.6,111.29,98.38,152.14,43.93,59.94,,157.81,,59.37,105.9,63.31,166.45,71.13,27.54,34.67,59.38,115.41,70.63,104.51,,,,109.71,59.0,54.85,127.14,234.01,100.94,26.39,140.47,103.24,212.45,102.71,96.88,81.34,85.54,89.76,62.98,296.0,,43.74,37.15,36.7,73.73,53.36,35.67,206.14,13.83,15.9,136.26,70.14,229.48,109.72,182.91,129.25,123.83,49.81,,74.72,92.33,125.38,49.46,125.31,104.26,48.29,173.97,32.83,123.41,68.62,117.92,87.51,67.38,86.25,212.34,61.97,56.83,,102.23,20.02,66.51,35.62,160.48,,26.69,162.28,116.15,186.21,43.65,31.05,75.83,55.42
2018-03-16,,63.18,113.71,160.89,71.68,150.13,225.55,116.63,10.84,173.91,192.4,90.49,69.9,169.56,74.02,66.51,98.37,126.75,85.88,168.96,229.09,40.13,97.53,1134.42,1135.73,63.19,1571.68,55.49,55.4,67.81,95.61,54.3,146.55,82.16,157.1,96.61,78.68,188.24,92.0,58.53,94.15,228.11,145.97,36.14,40.69,178.02,59.44,43.5,24.56,71.01,89.93,37.0,135.75,117.16,,648.49,165.75,111.63,,40.6,32.17,,67.89,55.04,223.27,,206.96,69.73,287.62,563.66,27.05,330.47,51.44,127.16,27.93,66.6,254.87,55.06,92.14,35.79,24.99,43.58,99.36,70.95,62.87,66.91,156.46,119.22,47.42,50.95,89.61,105.61,27.15,17.13,61.26,38.33,55.71,342.17,3.06,115.4,320.2,140.98,50.01,168.67,92.48,75.13,173.28,45.01,73.47,44.87,95.13,165.12,44.28,,43.46,84.6,69.62,35.83,98.94,36.61,148.49,54.93,77.45,228.54,29.5,185.87,18.82,109.08,40.65,56.92,162.57,65.65,43.76,101.93,94.55,68.53,163.88,,56.69,56.33,31.96,106.37,76.54,23.21,21.58,95.43,95.75,70.61,100.08,,117.6,102.27,,77.59,,57.29,107.79,80.98,42.46,138.08,65.15,142.34,128.52,72.38,78.88,39.01,100.45,50.45,123.46,419.89,60.23,243.67,146.27,58.26,38.38,113.2,64.08,76.02,85.98,75.12,148.18,185.09,58.36,117.89,252.03,100.64,33.72,,33.89,148.44,49.93,44.54,57.64,82.29,29.82,44.11,11.15,78.23,62.08,38.99,18.36,,31.74,60.11,222.74,14.31,21.72,50.49,37.94,90.78,79.74,118.01,267.6,28.51,288.75,45.91,19.7,44.14,,156.51,53.93,87.74,102.77,23.19,64.56,68.05,48.98,18.79,38.46,178.96,151.78,33.5,19.18,23.51,272.73,16.07,204.73,170.96,253.91,90.03,89.48,51.17,74.53,160.26,54.57,23.58,138.74,178.59,435.86,33.2,32.52,120.3,60.95,125.84,133.68,36.7,115.44,26.29,105.51,66.44,20.96,112.02,14.54,16.41,120.62,63.13,65.36,23.69,40.56,205.36,173.83,221.92,46.26,59.21,24.65,,80.49,76.36,,39.55,331.4,51.16,87.0,107.18,190.37,58.93,28.9,16.09,15.12,69.68,141.06,84.33,207.2,41.57,182.55,13.86,107.81,162.36,152.33,,81.29,55.67,47.32,613.88,61.55,98.18,60.58,94.6,91.9,247.9,80.19,43.19,117.77,58.64,167.3,57.51,108.83,,41.73,83.97,36.89,13.51,63.93,318.45,28.66,24.27,37.39,16.6,17.0,161.04,33.5,65.91,23.43,29.4,49.32,138.59,107.21,338.63,30.3,66.59,250.48,251.16,64.45,73.98,57.81,52.27,67.74,182.71,23.91,66.15,82.16,72.74,19.8,111.64,77.34,84.23,36.78,45.08,103.46,95.79,77.97,169.34,160.07,109.15,114.93,28.12,154.32,,62.11,78.97,61.92,63.83,108.65,49.29,198.01,29.38,143.77,80.75,60.62,35.36,104.35,15.11,210.08,51.47,154.17,58.27,343.3,19.63,68.76,,59.44,183.98,135.87,286.67,76.75,124.75,,192.51,125.97,40.21,66.1,,60.09,44.1,113.02,409.03,38.68,157.13,110.63,98.94,152.9,44.19,60.9,,159.04,,59.0,106.87,63.59,167.51,71.53,27.37,35.2,60.12,115.54,70.99,104.44,,,,109.97,58.83,55.0,128.49,235.69,101.02,26.1,141.32,102.87,210.44,97.51,96.28,81.41,85.59,89.97,64.38,299.23,,43.77,37.14,36.62,74.27,53.26,35.96,221.88,14.08,16.19,137.16,70.88,227.86,110.91,186.29,128.33,123.51,50.28,,75.46,93.79,124.84,50.15,125.92,104.77,48.56,175.66,31.65,124.53,69.51,117.12,89.17,67.57,86.39,213.18,62.45,55.9,,106.45,20.04,66.37,35.82,159.82,,27.21,162.8,116.26,184.76,44.13,31.1,76.03,55.33
2018-03-19,,62.26,112.03,160.62,71.05,149.36,222.18,115.87,10.77,172.06,190.66,44.7,69.34,166.68,72.49,65.1,96.91,122.03,85.25,166.27,229.85,39.83,96.78,1100.07,1099.82,62.48,1544.93,55.2,54.62,67.45,94.84,54.45,145.12,81.52,156.04,93.0,77.87,182.55,91.34,57.02,93.5,227.99,145.0,35.57,40.46,175.3,58.5,43.06,24.03,70.52,90.13,36.58,134.31,114.48,,651.48,165.09,110.82,,40.23,31.98,,66.76,54.96,219.53,,203.99,68.53,278.37,553.83,26.09,331.76,50.58,126.28,27.62,66.07,244.95,54.53,92.63,35.38,24.41,43.6,98.65,69.99,62.49,67.63,152.15,118.53,47.31,50.81,88.53,104.41,26.95,16.68,60.39,37.69,55.67,332.99,,113.89,316.8,140.3,50.19,166.44,91.65,75.11,172.99,44.27,72.7,44.91,94.53,163.54,43.98,,43.26,83.81,70.06,35.3,98.03,36.34,146.34,53.57,77.05,226.35,28.89,184.18,18.58,108.19,41.02,56.69,159.61,63.63,43.54,100.31,94.37,68.41,159.53,,55.96,55.46,31.16,104.75,76.04,22.95,21.24,94.04,94.57,69.15,99.9,,118.36,102.19,,77.04,,56.49,106.53,80.46,42.09,136.48,64.03,139.4,125.44,70.73,78.54,38.03,98.47,48.64,122.26,411.71,60.32,241.99,145.86,58.04,38.22,111.09,64.13,72.99,85.1,74.15,146.8,172.56,57.26,116.49,249.61,100.05,33.62,,33.79,147.24,49.44,43.94,56.84,81.32,29.32,43.82,11.01,77.78,60.97,38.24,18.05,,32.23,59.84,223.9,14.07,21.52,50.21,37.01,90.49,77.18,116.55,262.53,28.08,286.38,44.68,19.38,43.54,,156.43,53.45,86.45,102.66,23.07,64.68,67.83,46.96,18.7,37.84,177.1,150.2,33.7,18.94,23.2,269.98,15.92,199.06,167.63,248.73,86.27,88.52,50.83,74.06,157.35,53.22,23.41,137.84,175.74,426.86,32.64,31.46,120.19,59.91,126.29,130.24,36.41,114.53,25.26,106.71,66.43,20.92,111.09,14.25,16.0,115.98,63.55,63.95,23.16,39.91,206.6,170.58,217.58,45.81,59.06,24.0,,78.73,75.8,,39.25,335.25,50.99,85.79,106.77,189.29,57.85,29.3,15.2,14.85,69.21,139.82,84.42,204.5,41.09,180.58,13.22,107.87,159.01,147.62,,80.13,54.63,47.09,611.51,61.75,96.97,60.14,92.89,91.03,243.02,79.47,42.35,117.64,58.27,165.39,56.95,108.75,,40.8,83.62,36.37,13.47,62.84,313.48,26.79,23.16,37.47,16.34,16.75,159.93,32.68,65.71,23.24,28.78,49.36,139.17,106.72,344.93,30.17,65.33,241.0,248.7,63.65,73.56,56.47,51.95,66.15,181.9,,65.33,80.3,71.69,19.62,110.36,76.89,82.2,36.33,44.48,101.74,94.4,77.73,166.24,159.43,108.32,113.22,27.41,149.58,,61.62,78.66,61.87,63.34,107.72,49.3,196.72,29.1,142.57,78.42,58.37,34.94,103.86,14.66,210.75,50.9,152.11,57.32,339.08,19.55,68.61,,59.42,182.01,136.38,283.84,77.04,124.42,,190.45,124.98,39.12,64.7,,60.4,43.8,112.43,405.33,39.46,155.43,109.33,98.26,149.43,44.17,60.6,,157.35,,58.3,105.83,62.97,166.03,71.05,26.67,35.26,60.18,113.36,70.34,103.37,,,,107.86,58.94,54.34,128.52,232.85,100.07,25.59,140.02,101.48,211.72,97.62,95.05,81.39,85.44,89.18,63.2,302.5,,42.72,36.78,36.25,74.13,52.8,35.65,215.6,14.07,16.15,136.98,70.13,225.05,108.46,185.4,127.2,123.07,49.87,,74.13,92.94,123.87,49.53,124.22,103.95,48.31,170.77,31.36,123.21,68.43,114.9,87.45,66.62,85.8,212.98,61.77,55.48,,103.16,19.64,64.82,35.53,158.0,,26.2,159.18,116.61,181.62,44.17,30.19,74.99,55.44
2018-03-20,,62.65,112.65,162.88,71.37,146.73,229.75,114.25,10.71,171.63,189.25,45.43,69.85,165.66,73.68,65.19,95.32,120.22,85.63,163.62,227.68,39.68,97.39,1095.8,1097.71,61.52,1586.51,55.13,55.32,67.45,94.95,55.63,146.31,81.42,157.14,89.19,78.43,182.03,91.7,58.48,92.71,229.98,145.28,36.27,40.11,175.24,59.23,42.97,24.09,70.85,90.93,36.34,134.6,115.56,,649.01,164.31,110.76,,39.89,31.98,,66.91,54.65,219.9,,204.75,70.04,279.68,557.52,26.2,337.63,50.08,125.67,27.67,66.43,242.36,55.34,93.07,35.4,24.07,43.12,98.67,65.41,61.93,67.85,154.06,119.9,,50.26,88.27,103.65,26.81,16.25,59.44,37.95,55.97,327.61,,114.5,320.17,141.32,49.68,165.0,91.62,75.4,172.52,44.37,72.92,44.77,94.55,164.18,43.99,,43.16,84.31,69.69,34.57,98.56,36.41,148.64,54.7,76.89,227.61,29.26,187.35,18.37,108.87,41.48,56.97,161.0,62.94,43.18,100.56,95.11,66.37,159.99,,56.5,54.6,31.55,104.97,75.36,21.99,20.31,93.41,94.94,68.45,103.91,,118.4,102.15,,76.43,,57.16,106.08,81.16,41.96,136.63,62.74,141.34,126.85,70.55,78.76,38.04,101.33,48.51,123.09,415.26,60.27,239.46,148.2,57.67,38.31,110.31,64.22,72.42,85.52,73.99,148.9,168.15,56.32,115.24,251.99,100.92,33.53,,33.74,73.46,50.1,44.1,57.18,79.99,29.7,43.62,10.99,78.16,60.68,38.37,18.49,,32.32,59.99,225.38,13.64,21.24,49.93,36.89,90.78,76.92,117.7,263.19,28.04,285.71,45.49,19.13,43.0,,158.82,53.67,85.7,100.6,22.68,65.31,65.72,48.39,18.78,37.81,178.16,150.48,33.56,18.92,23.28,273.6,15.83,200.72,167.8,252.65,87.01,88.96,51.55,74.41,156.2,53.2,22.88,135.62,178.15,430.19,32.53,31.73,120.77,60.13,125.43,131.21,35.85,114.64,25.42,106.7,66.32,20.93,110.12,14.17,15.61,117.19,64.16,63.18,23.41,39.77,206.79,170.5,219.13,45.23,58.87,23.19,,78.37,76.56,,39.4,335.6,51.41,85.73,107.47,188.69,57.36,28.93,14.57,15.26,71.46,140.55,84.93,204.21,41.02,182.51,12.97,107.75,159.38,141.81,,79.9,54.64,47.2,611.9,62.64,98.54,61.15,93.13,89.85,246.79,76.88,42.35,118.36,58.68,167.46,57.47,109.39,,40.41,84.15,36.79,13.31,63.31,317.5,27.2,23.4,37.3,16.36,16.75,160.42,32.41,66.8,23.18,29.25,49.35,139.3,106.35,347.58,30.3,64.2,249.58,247.61,63.91,72.18,57.64,47.05,66.29,180.39,,65.51,80.86,71.79,19.55,109.9,77.67,80.76,36.33,43.45,100.27,95.1,77.99,169.86,158.85,110.4,113.85,27.26,150.22,,61.74,78.31,62.33,63.58,108.9,48.98,198.03,28.93,144.78,75.07,58.26,35.1,103.57,14.31,213.05,50.48,155.28,56.96,333.86,19.46,68.58,,59.63,182.26,136.52,288.97,77.31,124.86,,195.65,125.12,38.68,65.56,,59.91,43.7,110.6,405.91,38.27,154.58,109.07,97.58,150.79,43.85,60.69,,158.53,,58.66,106.15,62.29,166.51,70.67,26.52,35.4,60.43,112.0,71.56,104.54,,,,109.46,59.12,54.43,128.12,232.02,100.33,25.03,141.48,101.35,214.72,97.77,95.18,81.84,86.03,89.93,62.82,308.14,,41.78,36.69,36.18,74.02,52.6,35.43,215.63,14.01,16.0,137.77,70.48,226.78,108.03,185.16,127.16,122.9,50.27,,74.96,94.47,124.22,49.0,125.2,105.24,47.69,171.47,30.99,124.91,68.08,114.14,87.95,66.05,86.27,214.46,61.54,54.9,,103.67,19.75,64.58,35.39,157.26,,26.2,159.54,116.94,184.19,44.26,30.82,76.19,55.36
2018-03-21,,62.42,112.45,162.03,71.61,147.04,226.85,115.24,10.8,170.01,192.26,45.37,69.4,166.24,73.39,64.21,97.47,117.89,85.94,163.7,226.78,39.66,96.84,1094.0,1090.88,60.0,1581.86,54.9,54.09,66.91,94.74,55.84,142.33,80.85,157.86,89.5,78.13,181.59,91.03,61.5,92.8,225.99,143.41,38.1,39.79,171.27,60.78,42.62,24.16,70.27,91.01,36.0,135.54,116.36,,648.12,163.24,110.14,,39.82,31.87,,66.46,54.72,218.5,,204.83,68.44,277.29,564.16,25.84,337.1,51.08,124.35,27.66,66.1,246.0,54.76,93.62,35.31,24.39,42.17,98.18,65.69,61.51,67.06,155.8,117.33,,50.87,88.31,104.69,26.84,16.35,59.86,38.66,55.84,325.47,,117.04,334.52,140.26,48.99,167.05,94.67,75.55,173.29,44.31,73.32,44.92,94.45,164.5,43.81,,43.0,83.35,68.69,34.49,98.99,35.34,153.16,57.04,76.67,226.07,29.37,186.07,18.36,107.59,41.57,56.9,161.48,62.42,44.44,99.81,93.31,66.84,158.05,,55.95,54.13,32.92,103.37,74.86,22.16,20.5,92.98,94.72,67.64,103.07,,118.0,102.53,,76.18,,57.61,107.47,81.48,41.67,136.42,61.93,139.07,126.0,71.15,78.25,38.31,104.78,49.54,121.07,411.84,60.13,236.79,146.13,57.46,38.07,109.24,64.06,71.68,85.19,75.04,149.55,169.39,56.82,114.67,249.02,100.58,33.62,,34.06,73.17,50.61,44.92,58.3,80.35,30.51,43.76,11.1,78.35,60.87,38.69,19.18,,32.11,59.51,223.75,13.88,21.06,45.51,37.58,90.48,76.49,116.53,261.85,28.18,285.47,47.11,18.99,43.28,,159.81,53.4,86.6,100.9,22.52,68.88,65.67,50.69,18.71,38.19,178.02,151.36,32.79,18.75,23.28,270.81,15.88,200.23,168.22,246.84,88.79,88.99,51.56,74.02,156.69,53.53,22.91,136.08,176.66,424.99,32.94,31.61,120.59,60.53,120.16,131.19,36.33,114.74,25.3,109.86,63.68,20.97,108.4,14.14,15.91,118.06,63.74,61.99,23.45,39.42,206.35,169.57,224.28,45.27,59.9,23.16,,78.24,77.2,,39.5,335.47,51.59,87.25,111.21,189.65,57.48,28.68,14.57,16.32,73.21,140.42,84.49,206.74,41.55,180.75,12.8,107.04,158.66,142.92,,80.04,54.69,47.22,606.41,63.26,99.21,61.07,92.48,89.47,247.1,76.05,42.03,119.02,58.08,167.21,57.11,109.09,,41.16,84.21,38.04,13.43,64.11,316.48,26.81,24.8,38.22,16.51,16.9,160.08,32.44,66.35,23.29,30.99,47.7,139.45,106.95,347.22,30.19,65.35,248.56,247.05,66.04,72.44,58.46,47.02,66.82,181.75,,65.55,81.04,71.75,19.64,108.74,77.2,82.34,36.27,42.96,97.75,96.15,77.95,175.37,158.89,109.47,113.95,27.22,151.71,,62.2,77.04,62.01,62.63,108.88,48.39,198.52,29.39,143.0,74.18,56.81,35.82,103.63,15.4,213.48,49.9,154.55,56.51,334.87,19.53,68.0,,59.66,181.38,136.06,289.86,77.41,123.37,,193.81,121.7,37.42,67.74,,59.9,42.91,110.41,405.23,39.92,154.34,108.47,96.98,151.7,43.9,57.78,,160.24,,58.47,106.81,61.69,164.73,70.87,26.93,35.3,60.3,112.58,70.14,104.68,,,,108.64,59.3,54.61,124.81,228.34,98.47,25.26,141.1,101.82,212.96,97.04,95.29,82.88,86.06,89.17,61.87,309.34,,41.59,36.86,36.3,73.69,52.55,35.29,213.0,14.07,15.95,138.56,69.94,222.82,107.65,187.27,127.0,124.22,50.63,,74.62,95.45,123.41,48.46,124.6,105.05,47.28,170.34,31.3,123.22,67.64,114.81,88.18,66.27,85.92,211.18,61.29,54.79,,102.84,19.68,64.84,35.38,158.24,,27.0,158.15,117.92,178.92,44.46,30.86,75.67,55.39
2018-03-22,,60.93,98.1,150.23,69.76,134.66,220.52,111.71,10.82,169.45,185.17,44.37,67.47,161.19,71.65,62.82,94.11,114.23,84.6,162.58,220.37,39.83,94.65,1053.15,1049.08,60.39,1544.1,54.92,52.31,67.36,91.41,54.81,143.01,80.15,151.06,85.0,76.18,176.08,88.17,60.66,90.54,218.85,139.31,37.28,39.11,168.845,58.92,41.94,22.68,68.57,89.48,35.37,131.41,113.14,,643.37,160.26,105.92,,39.14,30.55,,65.55,52.31,213.25,,197.63,67.25,271.89,539.42,25.19,319.61,49.84,122.58,26.94,63.95,243.57,53.94,92.66,34.31,23.96,42.1,94.65,63.86,60.0,66.2,146.9,112.62,,50.26,86.91,103.84,26.73,15.79,57.47,37.27,53.4,322.97,,113.7,336.71,137.64,48.38,165.34,94.25,73.44,163.11,43.07,70.31,42.95,93.32,160.16,43.95,,42.76,80.97,68.82,33.23,94.76,35.45,153.02,56.5,76.76,224.23,28.56,182.64,18.2,108.95,41.44,55.29,157.55,61.79,43.56,97.49,85.94,65.79,151.58,,54.67,52.66,32.29,102.91,71.89,21.52,19.88,91.75,93.54,67.87,98.98,,118.02,102.55,,76.19,,54.97,103.97,79.43,40.58,134.12,62.92,137.3,122.98,68.77,78.35,37.53,104.29,48.77,117.63,417.58,59.75,233.6,144.5,57.51,38.37,106.98,62.47,70.47,84.31,73.5,146.27,164.89,55.28,114.03,236.27,97.52,32.3,,34.45,71.34,49.56,43.27,55.9,77.36,29.38,41.88,10.75,76.69,59.69,37.27,18.05,,31.18,58.34,218.37,13.35,21.12,44.45,36.35,87.98,75.57,113.51,252.6,27.36,280.17,46.38,18.59,42.13,,154.57,51.88,84.66,99.79,22.61,66.35,65.93,50.1,18.32,38.15,175.29,146.88,32.7,18.4,22.47,265.72,15.31,193.88,162.75,241.12,85.25,86.08,50.83,71.73,152.09,51.41,22.23,133.25,174.83,413.9,31.45,31.64,118.82,57.66,118.28,127.38,35.5,109.95,24.79,108.31,63.37,20.02,107.48,14.2,15.36,112.92,63.01,60.53,23.39,38.36,200.35,165.7,214.82,44.23,58.68,22.36,,76.53,73.6,,37.91,327.15,50.24,85.7,106.6,182.45,57.88,28.27,14.31,15.84,72.97,137.25,82.43,201.71,41.03,175.52,12.9,106.56,157.04,141.69,,78.14,54.12,45.71,585.39,62.1,96.55,58.97,89.79,88.16,240.28,74.39,41.03,117.53,56.78,160.91,54.64,107.2,,39.89,82.02,37.18,13.12,62.16,306.7,25.84,24.26,37.61,16.27,16.7,161.89,31.82,64.42,23.39,30.55,46.87,134.19,102.51,338.83,30.3,61.09,241.85,241.16,65.18,70.8,57.33,45.89,64.32,175.87,,63.49,78.56,69.61,18.89,107.94,75.24,81.55,35.6,44.13,97.67,94.7,77.99,172.34,153.28,107.66,111.31,27.32,146.09,,59.93,76.41,60.55,61.71,105.06,48.26,195.69,29.0,141.45,72.65,55.58,34.39,102.3,15.13,209.11,49.87,151.03,56.64,327.69,18.62,66.6,,58.06,175.96,134.97,280.86,75.04,120.18,,189.08,118.04,37.74,65.52,,59.04,41.8,110.51,393.1,39.42,152.53,105.24,96.05,148.41,43.81,57.0,,154.46,,57.77,101.5,59.41,160.81,68.4,26.6,33.73,59.77,107.64,68.89,100.49,,,,103.9,57.55,52.02,125.51,224.78,97.05,24.68,138.15,100.6,207.33,95.16,94.26,81.0,83.83,87.22,60.02,302.73,,40.11,36.75,36.18,72.7,50.65,34.77,207.36,13.71,15.73,134.87,68.45,215.21,104.45,180.26,124.07,123.03,48.62,,72.39,93.04,121.09,49.32,122.65,103.99,46.88,166.1,30.63,119.99,67.16,113.6,87.14,65.83,84.24,204.61,61.42,52.53,,100.83,19.35,62.74,35.2,155.48,,26.48,154.66,115.2,175.54,44.57,29.8,73.94,55.35
2018-03-23,,59.5,97.46,147.35,68.04,132.4,215.02,110.84,10.72,168.11,180.92,43.35,66.06,158.04,70.19,61.88,93.24,110.79,82.96,159.48,215.01,39.45,92.25,1026.55,1021.57,59.27,1495.56,54.01,51.01,66.39,90.45,53.41,142.27,79.23,144.89,84.03,74.61,169.43,85.33,61.56,87.7,215.63,137.17,37.01,38.62,164.94,55.38,42.05,22.75,66.69,87.49,34.7,128.02,109.2,,637.02,158.01,103.06,,38.77,29.17,,64.29,50.68,210.6,,192.46,66.68,260.13,521.13,25.5,321.0,48.61,118.43,26.3,62.06,242.48,53.1,90.86,33.24,23.51,42.27,92.39,61.71,59.36,64.41,144.29,111.71,,49.27,84.98,101.47,26.5,15.52,56.51,36.92,51.32,312.39,,112.98,322.3,134.57,47.3,164.0,93.21,71.61,167.85,42.42,67.9,41.27,91.6,158.12,43.25,,42.33,79.26,68.38,33.17,91.69,35.5,153.53,57.74,75.58,220.92,27.78,180.84,18.07,109.66,41.44,54.27,155.42,60.86,43.3,95.94,84.25,65.0,148.0,,53.9,50.71,32.23,102.3,70.07,21.08,19.43,90.06,91.95,67.3,98.35,,117.95,101.09,,75.17,,53.09,102.8,78.18,39.71,132.25,62.16,135.32,121.44,67.36,77.35,37.91,105.86,48.22,115.85,401.68,58.36,229.17,143.8,56.79,37.71,106.11,60.88,70.16,82.98,72.89,144.51,159.39,53.85,112.51,229.48,94.86,31.03,,33.74,70.01,49.19,42.11,54.85,75.51,29.39,43.74,10.56,76.02,57.89,36.65,17.52,,31.04,57.68,218.81,13.07,21.15,44.21,35.17,86.52,72.84,111.18,245.26,26.61,270.05,46.44,18.43,41.44,,157.19,50.29,84.22,98.78,22.29,66.46,64.59,49.46,17.63,37.26,171.8,143.28,32.55,17.98,21.85,261.6,14.7,190.31,156.91,235.36,83.06,83.86,49.36,70.32,148.89,50.15,22.03,132.6,169.87,399.15,30.72,30.89,118.0,55.57,118.76,125.1,34.33,107.01,24.12,108.07,62.95,19.04,104.74,14.01,15.01,108.18,61.98,60.03,23.28,37.51,201.7,162.49,202.63,43.13,58.06,21.85,,74.76,70.36,,37.17,336.31,49.07,83.77,104.55,177.51,57.28,27.21,13.94,15.76,71.28,133.76,80.54,205.68,40.25,171.83,13.23,105.72,154.98,139.04,,76.55,53.41,44.08,566.87,61.15,94.01,54.21,87.18,86.83,230.57,72.16,40.51,117.15,55.86,158.42,52.07,104.28,,38.87,80.72,37.18,12.63,61.15,300.94,25.35,24.36,38.76,15.56,16.0,159.49,31.51,64.63,23.06,30.24,46.36,132.18,99.45,345.77,29.79,59.44,232.97,239.44,65.49,70.19,56.75,44.79,62.94,169.24,,61.73,76.44,67.31,18.25,106.15,73.96,80.37,34.49,43.08,95.63,93.39,77.76,172.47,147.24,107.08,109.48,27.13,142.55,,57.76,75.91,59.68,60.11,100.64,47.9,193.05,28.65,139.86,71.55,53.66,33.21,99.78,14.65,214.57,49.33,147.9,55.85,321.29,18.01,65.44,,55.76,171.01,134.54,274.79,74.84,117.04,,186.49,114.43,37.26,64.14,,56.28,41.12,108.97,388.42,38.86,151.73,101.41,92.94,146.26,43.11,56.72,,151.31,,56.31,97.71,58.49,157.57,65.97,25.7,32.51,59.32,104.65,67.88,96.84,,,,101.36,56.96,50.73,124.4,218.74,96.06,24.26,134.9,98.54,204.65,95.94,92.57,79.88,80.91,85.38,59.38,302.8,,40.04,36.12,35.45,71.54,49.25,34.14,202.29,13.72,15.78,131.94,67.39,212.55,101.66,174.18,122.31,121.17,46.98,,72.41,91.22,119.45,48.11,119.48,102.11,46.29,160.93,30.14,117.0,65.15,115.6,85.42,65.43,82.9,199.51,60.5,50.98,,92.34,19.0,61.04,34.05,152.63,,25.64,151.51,112.39,175.88,43.74,28.8,71.87,55.33
